-- 1. Accounts Table
CREATE TABLE Accounts (
    AccountID INT PRIMARY KEY,
    AccountHolder VARCHAR(100) NOT NULL,
    AccountType VARCHAR(50) CHECK (AccountType IN ('Savings', 'Checking', 'Business')),
    OpenDate DATE NOT NULL,
    Status VARCHAR(20) DEFAULT 'Active'
);

-- 2. Categories Table
CREATE TABLE Categories (
    CategoryID INT PRIMARY KEY,
    CategoryName VARCHAR(100) NOT NULL UNIQUE
);

-- 3. Transactions Table
CREATE TABLE Transactions (
    TransactionID INT PRIMARY KEY,
    AccountID INT FOREIGN KEY REFERENCES Accounts(AccountID),
    TxnDate DATE NOT NULL,
    Amount DECIMAL(12, 2) NOT NULL,
    Type VARCHAR(10) CHECK (Type IN ('Income', 'Expense')),
    CategoryID INT FOREIGN KEY REFERENCES Categories(CategoryID),
    Description VARCHAR(255)
);

-- 4. MonthlyBudgets Table
CREATE TABLE MonthlyBudgets (
    BudgetID INT IDENTITY(1,1) PRIMARY KEY,
    AccountID INT FOREIGN KEY REFERENCES Accounts(AccountID),
    Month DATE NOT NULL,  -- Use the 1st of each month (e.g., '2023-01-01')
    BudgetAmount DECIMAL(12,2) NOT NULL
);

-- 5. Payments Table
CREATE TABLE Payments (
    PaymentID INT PRIMARY KEY,
    AccountID INT FOREIGN KEY REFERENCES Accounts(AccountID),
    VendorName VARCHAR(100) NOT NULL,
    Amount DECIMAL(12, 2) NOT NULL,
    PaymentDate DATE NOT NULL
);




-- Insert into Accounts
INSERT INTO Accounts VALUES (1, 'Customer_1', 'Business', '2020-04-24', 'Active');
INSERT INTO Accounts VALUES (2, 'Customer_2', 'Business', '2020-10-08', 'Active');
INSERT INTO Accounts VALUES (3, 'Customer_3', 'Savings', '2020-05-22', 'Frozen');
INSERT INTO Accounts VALUES (4, 'Customer_4', 'Savings', '2021-11-23', 'Frozen');
INSERT INTO Accounts VALUES (5, 'Customer_5', 'Business', '2020-03-30', 'Frozen');
INSERT INTO Accounts VALUES (6, 'Customer_6', 'Checking', '2020-02-02', 'Active');
INSERT INTO Accounts VALUES (7, 'Customer_7', 'Savings', '2020-08-11', 'Active');
INSERT INTO Accounts VALUES (8, 'Customer_8', 'Business', '2021-09-08', 'Active');
INSERT INTO Accounts VALUES (9, 'Customer_9', 'Business', '2020-07-22', 'Frozen');
INSERT INTO Accounts VALUES (10, 'Customer_10', 'Business', '2021-12-19', 'Frozen');
INSERT INTO Accounts VALUES (11, 'Customer_11', 'Checking', '2020-08-13', 'Closed');
INSERT INTO Accounts VALUES (12, 'Customer_12', 'Business', '2020-10-11', 'Active');
INSERT INTO Accounts VALUES (13, 'Customer_13', 'Savings', '2021-12-15', 'Closed');
INSERT INTO Accounts VALUES (14, 'Customer_14', 'Checking', '2020-10-11', 'Active');
INSERT INTO Accounts VALUES (15, 'Customer_15', 'Savings', '2022-09-07', 'Closed');
INSERT INTO Accounts VALUES (16, 'Customer_16', 'Savings', '2020-04-04', 'Closed');
INSERT INTO Accounts VALUES (17, 'Customer_17', 'Savings', '2021-01-02', 'Closed');
INSERT INTO Accounts VALUES (18, 'Customer_18', 'Business', '2020-09-27', 'Active');
INSERT INTO Accounts VALUES (19, 'Customer_19', 'Business', '2021-04-15', 'Frozen');
INSERT INTO Accounts VALUES (20, 'Customer_20', 'Savings', '2022-09-23', 'Closed');
INSERT INTO Accounts VALUES (21, 'Customer_21', 'Savings', '2021-07-19', 'Closed');
INSERT INTO Accounts VALUES (22, 'Customer_22', 'Business', '2021-09-25', 'Closed');
INSERT INTO Accounts VALUES (23, 'Customer_23', 'Business', '2020-07-15', 'Frozen');
INSERT INTO Accounts VALUES (24, 'Customer_24', 'Savings', '2020-02-16', 'Frozen');
INSERT INTO Accounts VALUES (25, 'Customer_25', 'Savings', '2022-03-02', 'Closed');
INSERT INTO Accounts VALUES (26, 'Customer_26', 'Savings', '2022-05-25', 'Active');
INSERT INTO Accounts VALUES (27, 'Customer_27', 'Savings', '2021-01-24', 'Closed');
INSERT INTO Accounts VALUES (28, 'Customer_28', 'Checking', '2021-10-12', 'Closed');
INSERT INTO Accounts VALUES (29, 'Customer_29', 'Savings', '2021-01-14', 'Closed');
INSERT INTO Accounts VALUES (30, 'Customer_30', 'Savings', '2021-11-17', 'Closed');
INSERT INTO Accounts VALUES (31, 'Customer_31', 'Business', '2022-08-17', 'Frozen');
INSERT INTO Accounts VALUES (32, 'Customer_32', 'Business', '2020-03-14', 'Frozen');
INSERT INTO Accounts VALUES (33, 'Customer_33', 'Business', '2020-06-24', 'Frozen');
INSERT INTO Accounts VALUES (34, 'Customer_34', 'Business', '2020-09-07', 'Active');
INSERT INTO Accounts VALUES (35, 'Customer_35', 'Checking', '2021-01-23', 'Closed');
INSERT INTO Accounts VALUES (36, 'Customer_36', 'Business', '2021-12-05', 'Frozen');
INSERT INTO Accounts VALUES (37, 'Customer_37', 'Savings', '2021-12-02', 'Closed');
INSERT INTO Accounts VALUES (38, 'Customer_38', 'Savings', '2020-08-22', 'Active');
INSERT INTO Accounts VALUES (39, 'Customer_39', 'Checking', '2021-02-14', 'Closed');
INSERT INTO Accounts VALUES (40, 'Customer_40', 'Savings', '2020-08-04', 'Frozen');
INSERT INTO Accounts VALUES (41, 'Customer_41', 'Business', '2020-11-18', 'Active');
INSERT INTO Accounts VALUES (42, 'Customer_42', 'Business', '2021-05-26', 'Closed');
INSERT INTO Accounts VALUES (43, 'Customer_43', 'Business', '2021-04-14', 'Active');
INSERT INTO Accounts VALUES (44, 'Customer_44', 'Checking', '2020-05-22', 'Active');
INSERT INTO Accounts VALUES (45, 'Customer_45', 'Business', '2021-07-28', 'Frozen');
INSERT INTO Accounts VALUES (46, 'Customer_46', 'Checking', '2022-02-03', 'Frozen');
INSERT INTO Accounts VALUES (47, 'Customer_47', 'Checking', '2022-07-08', 'Frozen');
INSERT INTO Accounts VALUES (48, 'Customer_48', 'Checking', '2021-01-05', 'Active');
INSERT INTO Accounts VALUES (49, 'Customer_49', 'Savings', '2021-06-05', 'Closed');
INSERT INTO Accounts VALUES (50, 'Customer_50', 'Savings', '2022-02-12', 'Active');

-- Insert into Categories
INSERT INTO Categories VALUES (1, 'Salary');
INSERT INTO Categories VALUES (2, 'Grocery');
INSERT INTO Categories VALUES (3, 'Utilities');
INSERT INTO Categories VALUES (4, 'Entertainment');
INSERT INTO Categories VALUES (5, 'Rent');
INSERT INTO Categories VALUES (6, 'Loan Payment');
INSERT INTO Categories VALUES (7, 'Dining');
INSERT INTO Categories VALUES (8, 'Fuel');

-- Insert into Transactions
INSERT INTO Transactions VALUES (1, 8, '2023-02-09', 12586.18, 'Expense', 2, 'Expense - Grocery');
INSERT INTO Transactions VALUES (2, 25, '2023-04-08', 11958.18, 'Expense', 5, 'Expense - Rent');
INSERT INTO Transactions VALUES (3, 36, '2023-01-03', 13637.64, 'Income', 5, 'Income - Rent');
INSERT INTO Transactions VALUES (4, 50, '2023-03-29', 2319.89, 'Expense', 3, 'Expense - Utilities');
INSERT INTO Transactions VALUES (5, 30, '2023-01-01', 19080.94, 'Expense', 3, 'Expense - Utilities');
INSERT INTO Transactions VALUES (6, 33, '2023-01-28', 17423.32, 'Expense', 4, 'Expense - Entertainment');
INSERT INTO Transactions VALUES (7, 10, '2023-04-06', 15273.96, 'Income', 6, 'Income - Loan Payment');
INSERT INTO Transactions VALUES (8, 32, '2023-01-05', 2326.17, 'Expense', 5, 'Expense - Rent');
INSERT INTO Transactions VALUES (9, 16, '2023-01-15', 4893.34, 'Income', 2, 'Income - Grocery');
INSERT INTO Transactions VALUES (10, 47, '2023-05-05', 16338.86, 'Income', 3, 'Income - Utilities');
INSERT INTO Transactions VALUES (11, 43, '2023-05-02', 18942.29, 'Income', 5, 'Income - Rent');
INSERT INTO Transactions VALUES (12, 34, '2023-04-19', 19290.82, 'Income', 5, 'Income - Rent');
INSERT INTO Transactions VALUES (13, 26, '2023-04-06', 8818.19, 'Expense', 2, 'Expense - Grocery');
INSERT INTO Transactions VALUES (14, 16, '2023-02-27', 1374.12, 'Income', 4, 'Income - Entertainment');
INSERT INTO Transactions VALUES (15, 38, '2023-02-26', 243.1, 'Income', 4, 'Income - Entertainment');
INSERT INTO Transactions VALUES (16, 5, '2023-01-09', 17206.74, 'Income', 4, 'Income - Entertainment');
INSERT INTO Transactions VALUES (17, 18, '2023-05-05', 4363.31, 'Income', 8, 'Income - Fuel');
INSERT INTO Transactions VALUES (18, 16, '2023-05-02', 16169.19, 'Income', 2, 'Income - Grocery');
INSERT INTO Transactions VALUES (19, 7, '2023-04-21', 7150.52, 'Expense', 8, 'Expense - Fuel');
INSERT INTO Transactions VALUES (20, 47, '2023-01-14', 13499.95, 'Income', 1, 'Income - Salary');
INSERT INTO Transactions VALUES (21, 26, '2023-03-28', 16031.79, 'Income', 4, 'Income - Entertainment');
INSERT INTO Transactions VALUES (22, 13, '2023-02-18', 10772.09, 'Income', 7, 'Income - Dining');
INSERT INTO Transactions VALUES (23, 12, '2023-03-13', 9306.3, 'Income', 8, 'Income - Fuel');
INSERT INTO Transactions VALUES (24, 36, '2023-01-26', 1106.71, 'Income', 2, 'Income - Grocery');
INSERT INTO Transactions VALUES (25, 49, '2023-03-02', 3409.59, 'Expense', 8, 'Expense - Fuel');
INSERT INTO Transactions VALUES (26, 14, '2023-04-13', 18058.61, 'Income', 7, 'Income - Dining');
INSERT INTO Transactions VALUES (27, 1, '2023-04-10', 5377.54, 'Expense', 5, 'Expense - Rent');
INSERT INTO Transactions VALUES (28, 28, '2023-05-23', 13271.24, 'Expense', 3, 'Expense - Utilities');
INSERT INTO Transactions VALUES (29, 13, '2023-03-17', 4432.25, 'Income', 1, 'Income - Salary');
INSERT INTO Transactions VALUES (30, 48, '2023-03-22', 1237.59, 'Expense', 3, 'Expense - Utilities');
INSERT INTO Transactions VALUES (31, 4, '2023-05-11', 1694.22, 'Income', 2, 'Income - Grocery');
INSERT INTO Transactions VALUES (32, 39, '2023-01-18', 13536.73, 'Income', 7, 'Income - Dining');
INSERT INTO Transactions VALUES (33, 8, '2023-05-26', 4999.69, 'Income', 2, 'Income - Grocery');
INSERT INTO Transactions VALUES (34, 27, '2023-05-30', 11348.02, 'Expense', 5, 'Expense - Rent');
INSERT INTO Transactions VALUES (35, 14, '2023-03-22', 4849.85, 'Expense', 3, 'Expense - Utilities');
INSERT INTO Transactions VALUES (36, 43, '2023-03-18', 9198.77, 'Income', 1, 'Income - Salary');
INSERT INTO Transactions VALUES (37, 30, '2023-05-25', 19922.32, 'Income', 4, 'Income - Entertainment');
INSERT INTO Transactions VALUES (38, 33, '2023-03-09', 2735.89, 'Expense', 2, 'Expense - Grocery');
INSERT INTO Transactions VALUES (39, 16, '2023-04-05', 5771.25, 'Expense', 5, 'Expense - Rent');
INSERT INTO Transactions VALUES (40, 40, '2023-05-16', 255.68, 'Expense', 2, 'Expense - Grocery');
INSERT INTO Transactions VALUES (41, 9, '2023-03-09', 2397.03, 'Income', 3, 'Income - Utilities');
INSERT INTO Transactions VALUES (42, 18, '2023-03-14', 12136.11, 'Expense', 4, 'Expense - Entertainment');
INSERT INTO Transactions VALUES (43, 44, '2023-03-09', 10157.64, 'Expense', 1, 'Expense - Salary');
INSERT INTO Transactions VALUES (44, 6, '2023-04-19', 16604.03, 'Income', 1, 'Income - Salary');
INSERT INTO Transactions VALUES (45, 22, '2023-02-03', 12778.56, 'Expense', 3, 'Expense - Utilities');
INSERT INTO Transactions VALUES (46, 48, '2023-04-24', 11078.44, 'Expense', 1, 'Expense - Salary');
INSERT INTO Transactions VALUES (47, 8, '2023-01-20', 18906.51, 'Income', 1, 'Income - Salary');
INSERT INTO Transactions VALUES (48, 24, '2023-05-30', 11095.25, 'Expense', 3, 'Expense - Utilities');
INSERT INTO Transactions VALUES (49, 3, '2023-03-20', 7356.57, 'Income', 6, 'Income - Loan Payment');
INSERT INTO Transactions VALUES (50, 14, '2023-03-05', 13371.97, 'Expense', 7, 'Expense - Dining');
INSERT INTO Transactions VALUES (51, 40, '2023-02-09', 18522.7, 'Income', 3, 'Income - Utilities');
INSERT INTO Transactions VALUES (52, 12, '2023-04-16', 593.25, 'Expense', 7, 'Expense - Dining');
INSERT INTO Transactions VALUES (53, 43, '2023-03-05', 5409.43, 'Income', 7, 'Income - Dining');
INSERT INTO Transactions VALUES (54, 3, '2023-05-01', 4526.43, 'Expense', 6, 'Expense - Loan Payment');
INSERT INTO Transactions VALUES (55, 20, '2023-02-28', 4536.18, 'Income', 7, 'Income - Dining');
INSERT INTO Transactions VALUES (56, 22, '2023-03-13', 17300.62, 'Expense', 6, 'Expense - Loan Payment');
INSERT INTO Transactions VALUES (57, 42, '2023-05-11', 8053.6, 'Expense', 1, 'Expense - Salary');
INSERT INTO Transactions VALUES (58, 8, '2023-03-08', 3653.5, 'Expense', 1, 'Expense - Salary');
INSERT INTO Transactions VALUES (59, 7, '2023-04-22', 6979.17, 'Expense', 7, 'Expense - Dining');
INSERT INTO Transactions VALUES (60, 39, '2023-05-11', 2401.35, 'Income', 5, 'Income - Rent');
INSERT INTO Transactions VALUES (61, 3, '2023-04-22', 133.66, 'Income', 6, 'Income - Loan Payment');
INSERT INTO Transactions VALUES (62, 28, '2023-01-18', 18982.6, 'Expense', 6, 'Expense - Loan Payment');
INSERT INTO Transactions VALUES (63, 43, '2023-02-01', 14423.11, 'Expense', 5, 'Expense - Rent');
INSERT INTO Transactions VALUES (64, 43, '2023-04-15', 6591.04, 'Expense', 3, 'Expense - Utilities');
INSERT INTO Transactions VALUES (65, 13, '2023-04-18', 13332.1, 'Expense', 3, 'Expense - Utilities');
INSERT INTO Transactions VALUES (66, 40, '2023-05-26', 6088.9, 'Income', 5, 'Income - Rent');
INSERT INTO Transactions VALUES (67, 19, '2023-02-23', 8654.77, 'Expense', 8, 'Expense - Fuel');
INSERT INTO Transactions VALUES (68, 29, '2023-04-24', 13544.98, 'Expense', 3, 'Expense - Utilities');
INSERT INTO Transactions VALUES (69, 43, '2023-01-22', 5747.35, 'Expense', 2, 'Expense - Grocery');
INSERT INTO Transactions VALUES (70, 49, '2023-03-02', 13488.63, 'Income', 4, 'Income - Entertainment');
INSERT INTO Transactions VALUES (71, 10, '2023-01-07', 1019.65, 'Expense', 2, 'Expense - Grocery');
INSERT INTO Transactions VALUES (72, 30, '2023-04-17', 17734.12, 'Income', 7, 'Income - Dining');
INSERT INTO Transactions VALUES (73, 32, '2023-04-13', 4955.29, 'Income', 2, 'Income - Grocery');
INSERT INTO Transactions VALUES (74, 50, '2023-04-19', 4454.94, 'Expense', 1, 'Expense - Salary');
INSERT INTO Transactions VALUES (75, 36, '2023-03-05', 18357.65, 'Income', 8, 'Income - Fuel');
INSERT INTO Transactions VALUES (76, 9, '2023-04-29', 13384.8, 'Expense', 8, 'Expense - Fuel');
INSERT INTO Transactions VALUES (77, 40, '2023-05-10', 8592.14, 'Expense', 3, 'Expense - Utilities');
INSERT INTO Transactions VALUES (78, 48, '2023-05-02', 9056.39, 'Income', 5, 'Income - Rent');
INSERT INTO Transactions VALUES (79, 50, '2023-05-14', 9743.48, 'Income', 5, 'Income - Rent');
INSERT INTO Transactions VALUES (80, 29, '2023-01-20', 14299.54, 'Income', 5, 'Income - Rent');
INSERT INTO Transactions VALUES (81, 22, '2023-03-23', 17871.23, 'Income', 3, 'Income - Utilities');
INSERT INTO Transactions VALUES (82, 10, '2023-03-01', 7722.4, 'Income', 4, 'Income - Entertainment');
INSERT INTO Transactions VALUES (83, 5, '2023-04-17', 8211.23, 'Expense', 7, 'Expense - Dining');
INSERT INTO Transactions VALUES (84, 4, '2023-02-22', 16674.53, 'Expense', 1, 'Expense - Salary');
INSERT INTO Transactions VALUES (85, 49, '2023-05-28', 7669.58, 'Income', 6, 'Income - Loan Payment');
INSERT INTO Transactions VALUES (86, 20, '2023-04-10', 17083.61, 'Expense', 4, 'Expense - Entertainment');
INSERT INTO Transactions VALUES (87, 32, '2023-02-26', 5531.41, 'Expense', 1, 'Expense - Salary');
INSERT INTO Transactions VALUES (88, 25, '2023-03-28', 13410.59, 'Expense', 3, 'Expense - Utilities');
INSERT INTO Transactions VALUES (89, 30, '2023-02-02', 19616.37, 'Income', 7, 'Income - Dining');
INSERT INTO Transactions VALUES (90, 38, '2023-05-25', 13293.7, 'Income', 7, 'Income - Dining');
INSERT INTO Transactions VALUES (91, 9, '2023-04-29', 3716.41, 'Expense', 7, 'Expense - Dining');
INSERT INTO Transactions VALUES (92, 21, '2023-02-24', 9148.52, 'Expense', 7, 'Expense - Dining');
INSERT INTO Transactions VALUES (93, 18, '2023-04-18', 5120.2, 'Income', 8, 'Income - Fuel');
INSERT INTO Transactions VALUES (94, 2, '2023-05-19', 1136.5, 'Expense', 4, 'Expense - Entertainment');
INSERT INTO Transactions VALUES (95, 42, '2023-01-18', 15646.54, 'Income', 1, 'Income - Salary');
INSERT INTO Transactions VALUES (96, 16, '2023-02-21', 16800.65, 'Income', 4, 'Income - Entertainment');
INSERT INTO Transactions VALUES (97, 9, '2023-05-02', 13422.23, 'Income', 8, 'Income - Fuel');
INSERT INTO Transactions VALUES (98, 45, '2023-03-07', 15361.27, 'Income', 2, 'Income - Grocery');
INSERT INTO Transactions VALUES (99, 50, '2023-02-11', 19297.94, 'Income', 1, 'Income - Salary');
INSERT INTO Transactions VALUES (100, 20, '2023-05-28', 13579.21, 'Expense', 7, 'Expense - Dining');
INSERT INTO Transactions VALUES (101, 46, '2023-02-20', 1612.33, 'Income', 2, 'Income - Grocery');
INSERT INTO Transactions VALUES (102, 45, '2023-03-19', 17020.84, 'Income', 1, 'Income - Salary');
INSERT INTO Transactions VALUES (103, 23, '2023-05-17', 8624.72, 'Expense', 2, 'Expense - Grocery');
INSERT INTO Transactions VALUES (104, 33, '2023-03-29', 351.78, 'Expense', 8, 'Expense - Fuel');
INSERT INTO Transactions VALUES (105, 7, '2023-04-21', 19219.67, 'Expense', 3, 'Expense - Utilities');
INSERT INTO Transactions VALUES (106, 28, '2023-02-15', 14702.53, 'Expense', 8, 'Expense - Fuel');
INSERT INTO Transactions VALUES (107, 30, '2023-04-22', 16532.12, 'Expense', 6, 'Expense - Loan Payment');
INSERT INTO Transactions VALUES (108, 16, '2023-01-23', 5650.67, 'Expense', 4, 'Expense - Entertainment');
INSERT INTO Transactions VALUES (109, 49, '2023-04-29', 11440.01, 'Expense', 6, 'Expense - Loan Payment');
INSERT INTO Transactions VALUES (110, 2, '2023-05-07', 17033.96, 'Income', 8, 'Income - Fuel');
INSERT INTO Transactions VALUES (111, 14, '2023-04-01', 15976.86, 'Expense', 5, 'Expense - Rent');
INSERT INTO Transactions VALUES (112, 39, '2023-03-12', 11160.24, 'Income', 2, 'Income - Grocery');
INSERT INTO Transactions VALUES (113, 16, '2023-04-15', 9822.7, 'Income', 8, 'Income - Fuel');
INSERT INTO Transactions VALUES (114, 42, '2023-05-06', 9018.67, 'Income', 2, 'Income - Grocery');
INSERT INTO Transactions VALUES (115, 19, '2023-02-26', 8147.58, 'Income', 5, 'Income - Rent');
INSERT INTO Transactions VALUES (116, 43, '2023-05-29', 7443.51, 'Expense', 7, 'Expense - Dining');
INSERT INTO Transactions VALUES (117, 48, '2023-05-21', 6682.75, 'Expense', 5, 'Expense - Rent');
INSERT INTO Transactions VALUES (118, 20, '2023-03-06', 4687.71, 'Income', 6, 'Income - Loan Payment');
INSERT INTO Transactions VALUES (119, 8, '2023-05-18', 19022.46, 'Income', 4, 'Income - Entertainment');
INSERT INTO Transactions VALUES (120, 14, '2023-05-04', 5602.34, 'Expense', 2, 'Expense - Grocery');
INSERT INTO Transactions VALUES (121, 13, '2023-03-17', 4626.91, 'Income', 5, 'Income - Rent');
INSERT INTO Transactions VALUES (122, 1, '2023-05-17', 2619.0, 'Income', 1, 'Income - Salary');
INSERT INTO Transactions VALUES (123, 36, '2023-03-16', 13978.61, 'Income', 8, 'Income - Fuel');
INSERT INTO Transactions VALUES (124, 7, '2023-01-04', 11523.88, 'Expense', 8, 'Expense - Fuel');
INSERT INTO Transactions VALUES (125, 29, '2023-03-29', 3768.84, 'Income', 5, 'Income - Rent');
INSERT INTO Transactions VALUES (126, 31, '2023-01-30', 16460.1, 'Expense', 8, 'Expense - Fuel');
INSERT INTO Transactions VALUES (127, 5, '2023-05-28', 12625.97, 'Income', 3, 'Income - Utilities');
INSERT INTO Transactions VALUES (128, 10, '2023-05-25', 18987.6, 'Income', 4, 'Income - Entertainment');
INSERT INTO Transactions VALUES (129, 8, '2023-05-23', 15312.42, 'Income', 7, 'Income - Dining');
INSERT INTO Transactions VALUES (130, 29, '2023-04-24', 6017.33, 'Expense', 5, 'Expense - Rent');
INSERT INTO Transactions VALUES (131, 37, '2023-01-16', 12231.66, 'Income', 4, 'Income - Entertainment');
INSERT INTO Transactions VALUES (132, 41, '2023-02-24', 5366.46, 'Income', 3, 'Income - Utilities');
INSERT INTO Transactions VALUES (133, 16, '2023-02-14', 11084.65, 'Income', 1, 'Income - Salary');
INSERT INTO Transactions VALUES (134, 27, '2023-04-26', 13818.49, 'Expense', 5, 'Expense - Rent');
INSERT INTO Transactions VALUES (135, 3, '2023-03-01', 5833.29, 'Expense', 8, 'Expense - Fuel');
INSERT INTO Transactions VALUES (136, 5, '2023-03-01', 18485.83, 'Income', 7, 'Income - Dining');
INSERT INTO Transactions VALUES (137, 8, '2023-05-20', 4573.71, 'Income', 5, 'Income - Rent');
INSERT INTO Transactions VALUES (138, 10, '2023-01-19', 1286.8, 'Expense', 5, 'Expense - Rent');
INSERT INTO Transactions VALUES (139, 29, '2023-02-01', 9427.09, 'Expense', 7, 'Expense - Dining');
INSERT INTO Transactions VALUES (140, 18, '2023-05-09', 10845.63, 'Expense', 2, 'Expense - Grocery');
INSERT INTO Transactions VALUES (141, 39, '2023-01-11', 17799.52, 'Expense', 5, 'Expense - Rent');
INSERT INTO Transactions VALUES (142, 2, '2023-01-24', 4655.6, 'Income', 5, 'Income - Rent');
INSERT INTO Transactions VALUES (143, 37, '2023-01-11', 15285.87, 'Income', 8, 'Income - Fuel');
INSERT INTO Transactions VALUES (144, 34, '2023-04-24', 18329.85, 'Income', 7, 'Income - Dining');
INSERT INTO Transactions VALUES (145, 41, '2023-05-06', 19384.2, 'Expense', 6, 'Expense - Loan Payment');
INSERT INTO Transactions VALUES (146, 27, '2023-03-27', 6489.06, 'Income', 3, 'Income - Utilities');
INSERT INTO Transactions VALUES (147, 22, '2023-04-16', 13904.11, 'Expense', 7, 'Expense - Dining');
INSERT INTO Transactions VALUES (148, 49, '2023-05-21', 830.27, 'Income', 6, 'Income - Loan Payment');
INSERT INTO Transactions VALUES (149, 17, '2023-03-24', 2406.84, 'Expense', 1, 'Expense - Salary');
INSERT INTO Transactions VALUES (150, 43, '2023-05-19', 9293.33, 'Income', 4, 'Income - Entertainment');
INSERT INTO Transactions VALUES (151, 34, '2023-04-03', 12490.41, 'Expense', 8, 'Expense - Fuel');
INSERT INTO Transactions VALUES (152, 49, '2023-01-14', 4150.81, 'Income', 5, 'Income - Rent');
INSERT INTO Transactions VALUES (153, 29, '2023-05-05', 2516.38, 'Income', 3, 'Income - Utilities');
INSERT INTO Transactions VALUES (154, 20, '2023-05-22', 372.12, 'Expense', 2, 'Expense - Grocery');
INSERT INTO Transactions VALUES (155, 15, '2023-01-30', 9282.81, 'Income', 3, 'Income - Utilities');
INSERT INTO Transactions VALUES (156, 32, '2023-03-16', 10226.55, 'Expense', 7, 'Expense - Dining');
INSERT INTO Transactions VALUES (157, 31, '2023-05-01', 4950.25, 'Income', 7, 'Income - Dining');
INSERT INTO Transactions VALUES (158, 13, '2023-05-11', 14951.22, 'Income', 2, 'Income - Grocery');
INSERT INTO Transactions VALUES (159, 18, '2023-04-17', 6863.52, 'Expense', 1, 'Expense - Salary');
INSERT INTO Transactions VALUES (160, 19, '2023-03-18', 16765.77, 'Expense', 3, 'Expense - Utilities');
INSERT INTO Transactions VALUES (161, 29, '2023-05-18', 9738.39, 'Expense', 7, 'Expense - Dining');
INSERT INTO Transactions VALUES (162, 30, '2023-03-24', 17405.07, 'Income', 7, 'Income - Dining');
INSERT INTO Transactions VALUES (163, 15, '2023-04-16', 968.58, 'Expense', 7, 'Expense - Dining');
INSERT INTO Transactions VALUES (164, 25, '2023-02-08', 9957.04, 'Income', 3, 'Income - Utilities');
INSERT INTO Transactions VALUES (165, 33, '2023-03-26', 17407.04, 'Expense', 2, 'Expense - Grocery');
INSERT INTO Transactions VALUES (166, 34, '2023-04-27', 405.42, 'Income', 7, 'Income - Dining');
INSERT INTO Transactions VALUES (167, 42, '2023-02-09', 1589.08, 'Expense', 6, 'Expense - Loan Payment');
INSERT INTO Transactions VALUES (168, 40, '2023-04-12', 13031.75, 'Expense', 7, 'Expense - Dining');
INSERT INTO Transactions VALUES (169, 21, '2023-05-05', 17460.42, 'Income', 2, 'Income - Grocery');
INSERT INTO Transactions VALUES (170, 16, '2023-03-15', 19948.78, 'Income', 7, 'Income - Dining');
INSERT INTO Transactions VALUES (171, 7, '2023-01-26', 8929.2, 'Expense', 1, 'Expense - Salary');
INSERT INTO Transactions VALUES (172, 3, '2023-03-25', 15943.25, 'Expense', 6, 'Expense - Loan Payment');
INSERT INTO Transactions VALUES (173, 24, '2023-04-21', 2996.84, 'Expense', 3, 'Expense - Utilities');
INSERT INTO Transactions VALUES (174, 11, '2023-02-14', 1671.47, 'Expense', 4, 'Expense - Entertainment');
INSERT INTO Transactions VALUES (175, 32, '2023-05-30', 2948.04, 'Expense', 5, 'Expense - Rent');
INSERT INTO Transactions VALUES (176, 30, '2023-03-07', 13370.13, 'Expense', 5, 'Expense - Rent');
INSERT INTO Transactions VALUES (177, 44, '2023-05-20', 3243.71, 'Expense', 6, 'Expense - Loan Payment');
INSERT INTO Transactions VALUES (178, 38, '2023-03-18', 12814.88, 'Expense', 5, 'Expense - Rent');
INSERT INTO Transactions VALUES (179, 30, '2023-03-19', 4064.42, 'Expense', 8, 'Expense - Fuel');
INSERT INTO Transactions VALUES (180, 7, '2023-03-02', 7689.15, 'Expense', 5, 'Expense - Rent');
INSERT INTO Transactions VALUES (181, 45, '2023-03-17', 536.6, 'Expense', 5, 'Expense - Rent');
INSERT INTO Transactions VALUES (182, 1, '2023-05-25', 17314.84, 'Income', 8, 'Income - Fuel');
INSERT INTO Transactions VALUES (183, 19, '2023-02-28', 12180.59, 'Expense', 4, 'Expense - Entertainment');
INSERT INTO Transactions VALUES (184, 41, '2023-02-18', 12455.73, 'Income', 2, 'Income - Grocery');
INSERT INTO Transactions VALUES (185, 41, '2023-01-11', 6247.76, 'Expense', 1, 'Expense - Salary');
INSERT INTO Transactions VALUES (186, 38, '2023-04-04', 14673.96, 'Income', 5, 'Income - Rent');
INSERT INTO Transactions VALUES (187, 21, '2023-04-17', 3595.24, 'Income', 6, 'Income - Loan Payment');
INSERT INTO Transactions VALUES (188, 34, '2023-05-09', 18278.39, 'Income', 5, 'Income - Rent');
INSERT INTO Transactions VALUES (189, 31, '2023-03-17', 14956.53, 'Expense', 2, 'Expense - Grocery');
INSERT INTO Transactions VALUES (190, 30, '2023-01-20', 2901.06, 'Income', 7, 'Income - Dining');
INSERT INTO Transactions VALUES (191, 36, '2023-04-04', 1897.03, 'Expense', 1, 'Expense - Salary');
INSERT INTO Transactions VALUES (192, 17, '2023-05-18', 2559.42, 'Expense', 5, 'Expense - Rent');
INSERT INTO Transactions VALUES (193, 38, '2023-04-08', 16466.1, 'Expense', 2, 'Expense - Grocery');
INSERT INTO Transactions VALUES (194, 44, '2023-03-01', 9482.39, 'Expense', 4, 'Expense - Entertainment');
INSERT INTO Transactions VALUES (195, 42, '2023-01-17', 12744.54, 'Expense', 5, 'Expense - Rent');
INSERT INTO Transactions VALUES (196, 42, '2023-04-15', 2421.85, 'Income', 1, 'Income - Salary');
INSERT INTO Transactions VALUES (197, 20, '2023-05-07', 2410.8, 'Income', 3, 'Income - Utilities');
INSERT INTO Transactions VALUES (198, 25, '2023-04-27', 7483.13, 'Expense', 3, 'Expense - Utilities');
INSERT INTO Transactions VALUES (199, 27, '2023-01-26', 16690.49, 'Expense', 5, 'Expense - Rent');
INSERT INTO Transactions VALUES (200, 3, '2023-04-05', 4423.67, 'Expense', 4, 'Expense - Entertainment');
INSERT INTO Transactions VALUES (201, 24, '2023-01-26', 19620.46, 'Expense', 6, 'Expense - Loan Payment');
INSERT INTO Transactions VALUES (202, 4, '2023-04-12', 5590.04, 'Income', 8, 'Income - Fuel');
INSERT INTO Transactions VALUES (203, 6, '2023-02-24', 12869.92, 'Income', 1, 'Income - Salary');
INSERT INTO Transactions VALUES (204, 22, '2023-03-04', 19777.54, 'Income', 2, 'Income - Grocery');
INSERT INTO Transactions VALUES (205, 49, '2023-05-22', 4222.43, 'Income', 4, 'Income - Entertainment');
INSERT INTO Transactions VALUES (206, 22, '2023-02-07', 15794.01, 'Income', 5, 'Income - Rent');
INSERT INTO Transactions VALUES (207, 10, '2023-02-03', 10850.29, 'Income', 2, 'Income - Grocery');
INSERT INTO Transactions VALUES (208, 43, '2023-01-07', 2722.88, 'Expense', 4, 'Expense - Entertainment');
INSERT INTO Transactions VALUES (209, 38, '2023-03-24', 414.04, 'Expense', 1, 'Expense - Salary');
INSERT INTO Transactions VALUES (210, 9, '2023-04-18', 10569.1, 'Income', 8, 'Income - Fuel');
INSERT INTO Transactions VALUES (211, 29, '2023-04-03', 10313.44, 'Income', 8, 'Income - Fuel');
INSERT INTO Transactions VALUES (212, 33, '2023-02-26', 18913.77, 'Income', 5, 'Income - Rent');
INSERT INTO Transactions VALUES (213, 30, '2023-01-08', 1310.43, 'Expense', 7, 'Expense - Dining');
INSERT INTO Transactions VALUES (214, 28, '2023-01-28', 9856.35, 'Expense', 2, 'Expense - Grocery');
INSERT INTO Transactions VALUES (215, 6, '2023-03-24', 12205.12, 'Income', 3, 'Income - Utilities');
INSERT INTO Transactions VALUES (216, 18, '2023-05-30', 11012.29, 'Expense', 7, 'Expense - Dining');
INSERT INTO Transactions VALUES (217, 39, '2023-05-16', 5968.47, 'Expense', 2, 'Expense - Grocery');
INSERT INTO Transactions VALUES (218, 45, '2023-01-30', 17070.58, 'Income', 7, 'Income - Dining');
INSERT INTO Transactions VALUES (219, 29, '2023-02-28', 8334.89, 'Expense', 7, 'Expense - Dining');
INSERT INTO Transactions VALUES (220, 27, '2023-01-25', 6319.71, 'Expense', 5, 'Expense - Rent');
INSERT INTO Transactions VALUES (221, 24, '2023-02-09', 13767.74, 'Expense', 2, 'Expense - Grocery');
INSERT INTO Transactions VALUES (222, 6, '2023-01-22', 1955.28, 'Income', 6, 'Income - Loan Payment');
INSERT INTO Transactions VALUES (223, 9, '2023-05-23', 1293.62, 'Expense', 2, 'Expense - Grocery');
INSERT INTO Transactions VALUES (224, 27, '2023-04-01', 17484.79, 'Expense', 1, 'Expense - Salary');
INSERT INTO Transactions VALUES (225, 19, '2023-03-21', 7097.76, 'Income', 3, 'Income - Utilities');
INSERT INTO Transactions VALUES (226, 43, '2023-05-04', 4562.47, 'Income', 6, 'Income - Loan Payment');
INSERT INTO Transactions VALUES (227, 36, '2023-04-05', 2386.22, 'Expense', 4, 'Expense - Entertainment');
INSERT INTO Transactions VALUES (228, 28, '2023-05-24', 19493.48, 'Income', 5, 'Income - Rent');
INSERT INTO Transactions VALUES (229, 2, '2023-02-16', 5538.08, 'Expense', 6, 'Expense - Loan Payment');
INSERT INTO Transactions VALUES (230, 23, '2023-01-02', 3709.97, 'Income', 7, 'Income - Dining');
INSERT INTO Transactions VALUES (231, 5, '2023-02-06', 14845.28, 'Income', 2, 'Income - Grocery');
INSERT INTO Transactions VALUES (232, 48, '2023-05-16', 4381.14, 'Expense', 8, 'Expense - Fuel');
INSERT INTO Transactions VALUES (233, 22, '2023-02-10', 7464.06, 'Expense', 2, 'Expense - Grocery');
INSERT INTO Transactions VALUES (234, 4, '2023-02-09', 3232.46, 'Income', 2, 'Income - Grocery');
INSERT INTO Transactions VALUES (235, 18, '2023-04-24', 13272.58, 'Expense', 8, 'Expense - Fuel');
INSERT INTO Transactions VALUES (236, 27, '2023-03-11', 4389.82, 'Income', 6, 'Income - Loan Payment');
INSERT INTO Transactions VALUES (237, 28, '2023-01-29', 5736.6, 'Expense', 5, 'Expense - Rent');
INSERT INTO Transactions VALUES (238, 3, '2023-02-26', 7965.74, 'Income', 1, 'Income - Salary');
INSERT INTO Transactions VALUES (239, 14, '2023-03-19', 18911.95, 'Income', 5, 'Income - Rent');
INSERT INTO Transactions VALUES (240, 19, '2023-03-25', 2487.69, 'Expense', 7, 'Expense - Dining');
INSERT INTO Transactions VALUES (241, 12, '2023-02-03', 7666.13, 'Income', 6, 'Income - Loan Payment');
INSERT INTO Transactions VALUES (242, 5, '2023-04-12', 17249.11, 'Income', 7, 'Income - Dining');
INSERT INTO Transactions VALUES (243, 2, '2023-04-28', 18431.13, 'Expense', 7, 'Expense - Dining');
INSERT INTO Transactions VALUES (244, 37, '2023-04-14', 14219.03, 'Expense', 5, 'Expense - Rent');
INSERT INTO Transactions VALUES (245, 8, '2023-04-14', 515.05, 'Expense', 3, 'Expense - Utilities');
INSERT INTO Transactions VALUES (246, 40, '2023-04-28', 16657.32, 'Expense', 2, 'Expense - Grocery');
INSERT INTO Transactions VALUES (247, 28, '2023-01-28', 4942.0, 'Expense', 2, 'Expense - Grocery');
INSERT INTO Transactions VALUES (248, 26, '2023-03-21', 14941.52, 'Income', 6, 'Income - Loan Payment');
INSERT INTO Transactions VALUES (249, 50, '2023-02-13', 1619.95, 'Income', 4, 'Income - Entertainment');
INSERT INTO Transactions VALUES (250, 50, '2023-03-31', 7086.88, 'Income', 4, 'Income - Entertainment');
INSERT INTO Transactions VALUES (251, 7, '2023-02-07', 5193.77, 'Income', 3, 'Income - Utilities');
INSERT INTO Transactions VALUES (252, 49, '2023-01-20', 3625.21, 'Expense', 8, 'Expense - Fuel');
INSERT INTO Transactions VALUES (253, 49, '2023-05-25', 15221.56, 'Expense', 6, 'Expense - Loan Payment');
INSERT INTO Transactions VALUES (254, 41, '2023-03-22', 3104.05, 'Income', 8, 'Income - Fuel');
INSERT INTO Transactions VALUES (255, 29, '2023-03-19', 15946.96, 'Income', 6, 'Income - Loan Payment');
INSERT INTO Transactions VALUES (256, 33, '2023-01-19', 6277.12, 'Expense', 1, 'Expense - Salary');
INSERT INTO Transactions VALUES (257, 4, '2023-04-05', 16650.76, 'Income', 2, 'Income - Grocery');
INSERT INTO Transactions VALUES (258, 40, '2023-05-10', 7751.2, 'Income', 8, 'Income - Fuel');
INSERT INTO Transactions VALUES (259, 37, '2023-02-18', 6498.38, 'Expense', 3, 'Expense - Utilities');
INSERT INTO Transactions VALUES (260, 4, '2023-04-26', 2159.69, 'Expense', 2, 'Expense - Grocery');
INSERT INTO Transactions VALUES (261, 33, '2023-02-14', 878.93, 'Expense', 8, 'Expense - Fuel');
INSERT INTO Transactions VALUES (262, 34, '2023-05-14', 12235.13, 'Expense', 6, 'Expense - Loan Payment');
INSERT INTO Transactions VALUES (263, 19, '2023-04-10', 8234.51, 'Expense', 1, 'Expense - Salary');
INSERT INTO Transactions VALUES (264, 41, '2023-03-27', 1411.65, 'Income', 7, 'Income - Dining');
INSERT INTO Transactions VALUES (265, 19, '2023-03-06', 14502.3, 'Income', 6, 'Income - Loan Payment');
INSERT INTO Transactions VALUES (266, 6, '2023-05-30', 13305.88, 'Expense', 5, 'Expense - Rent');
INSERT INTO Transactions VALUES (267, 42, '2023-04-11', 2666.14, 'Income', 5, 'Income - Rent');
INSERT INTO Transactions VALUES (268, 36, '2023-04-07', 12905.52, 'Expense', 3, 'Expense - Utilities');
INSERT INTO Transactions VALUES (269, 43, '2023-05-15', 1959.71, 'Expense', 6, 'Expense - Loan Payment');
INSERT INTO Transactions VALUES (270, 2, '2023-04-03', 6246.43, 'Income', 6, 'Income - Loan Payment');
INSERT INTO Transactions VALUES (271, 50, '2023-05-05', 3920.9, 'Income', 3, 'Income - Utilities');
INSERT INTO Transactions VALUES (272, 5, '2023-03-17', 16904.12, 'Income', 1, 'Income - Salary');
INSERT INTO Transactions VALUES (273, 43, '2023-03-28', 17540.22, 'Income', 7, 'Income - Dining');
INSERT INTO Transactions VALUES (274, 10, '2023-02-11', 3698.83, 'Income', 8, 'Income - Fuel');
INSERT INTO Transactions VALUES (275, 3, '2023-04-16', 7349.56, 'Income', 8, 'Income - Fuel');
INSERT INTO Transactions VALUES (276, 40, '2023-03-14', 15072.58, 'Expense', 4, 'Expense - Entertainment');
INSERT INTO Transactions VALUES (277, 35, '2023-03-03', 6258.41, 'Expense', 4, 'Expense - Entertainment');
INSERT INTO Transactions VALUES (278, 24, '2023-05-27', 19690.35, 'Expense', 5, 'Expense - Rent');
INSERT INTO Transactions VALUES (279, 50, '2023-04-08', 10107.84, 'Expense', 3, 'Expense - Utilities');
INSERT INTO Transactions VALUES (280, 13, '2023-02-05', 17472.74, 'Income', 8, 'Income - Fuel');
INSERT INTO Transactions VALUES (281, 24, '2023-05-22', 18692.44, 'Income', 5, 'Income - Rent');
INSERT INTO Transactions VALUES (282, 6, '2023-02-11', 5528.55, 'Income', 7, 'Income - Dining');
INSERT INTO Transactions VALUES (283, 6, '2023-02-26', 16352.39, 'Expense', 1, 'Expense - Salary');
INSERT INTO Transactions VALUES (284, 27, '2023-01-14', 7989.43, 'Expense', 4, 'Expense - Entertainment');
INSERT INTO Transactions VALUES (285, 25, '2023-01-21', 7560.76, 'Income', 6, 'Income - Loan Payment');
INSERT INTO Transactions VALUES (286, 7, '2023-03-27', 15848.47, 'Income', 1, 'Income - Salary');
INSERT INTO Transactions VALUES (287, 19, '2023-05-01', 13951.83, 'Income', 8, 'Income - Fuel');
INSERT INTO Transactions VALUES (288, 29, '2023-01-02', 18126.56, 'Income', 5, 'Income - Rent');
INSERT INTO Transactions VALUES (289, 14, '2023-02-08', 11021.2, 'Expense', 2, 'Expense - Grocery');
INSERT INTO Transactions VALUES (290, 50, '2023-03-15', 4829.04, 'Income', 1, 'Income - Salary');
INSERT INTO Transactions VALUES (291, 16, '2023-04-18', 12815.14, 'Expense', 2, 'Expense - Grocery');
INSERT INTO Transactions VALUES (292, 8, '2023-05-08', 11975.11, 'Income', 4, 'Income - Entertainment');
INSERT INTO Transactions VALUES (293, 46, '2023-02-06', 5896.31, 'Income', 6, 'Income - Loan Payment');
INSERT INTO Transactions VALUES (294, 16, '2023-05-27', 8389.7, 'Income', 6, 'Income - Loan Payment');
INSERT INTO Transactions VALUES (295, 5, '2023-05-15', 10927.23, 'Income', 7, 'Income - Dining');
INSERT INTO Transactions VALUES (296, 31, '2023-01-12', 12749.85, 'Expense', 5, 'Expense - Rent');
INSERT INTO Transactions VALUES (297, 48, '2023-01-05', 7206.17, 'Income', 6, 'Income - Loan Payment');
INSERT INTO Transactions VALUES (298, 16, '2023-01-27', 15452.88, 'Expense', 3, 'Expense - Utilities');
INSERT INTO Transactions VALUES (299, 3, '2023-04-01', 10965.67, 'Income', 8, 'Income - Fuel');
INSERT INTO Transactions VALUES (300, 45, '2023-05-03', 12671.54, 'Income', 2, 'Income - Grocery');
INSERT INTO Transactions VALUES (301, 46, '2023-04-28', 835.98, 'Income', 1, 'Income - Salary');
INSERT INTO Transactions VALUES (302, 13, '2023-01-11', 6380.36, 'Expense', 7, 'Expense - Dining');
INSERT INTO Transactions VALUES (303, 35, '2023-05-02', 5140.94, 'Income', 5, 'Income - Rent');
INSERT INTO Transactions VALUES (304, 23, '2023-01-13', 17329.39, 'Expense', 5, 'Expense - Rent');
INSERT INTO Transactions VALUES (305, 8, '2023-04-05', 8795.33, 'Expense', 8, 'Expense - Fuel');
INSERT INTO Transactions VALUES (306, 25, '2023-03-28', 19477.1, 'Expense', 8, 'Expense - Fuel');
INSERT INTO Transactions VALUES (307, 24, '2023-05-13', 5407.74, 'Income', 7, 'Income - Dining');
INSERT INTO Transactions VALUES (308, 6, '2023-04-21', 12088.82, 'Income', 5, 'Income - Rent');
INSERT INTO Transactions VALUES (309, 21, '2023-01-27', 1693.37, 'Expense', 5, 'Expense - Rent');
INSERT INTO Transactions VALUES (310, 29, '2023-04-20', 3416.23, 'Expense', 6, 'Expense - Loan Payment');
INSERT INTO Transactions VALUES (311, 29, '2023-01-11', 14563.61, 'Expense', 7, 'Expense - Dining');
INSERT INTO Transactions VALUES (312, 18, '2023-01-15', 1593.32, 'Expense', 6, 'Expense - Loan Payment');
INSERT INTO Transactions VALUES (313, 33, '2023-02-10', 19060.51, 'Income', 8, 'Income - Fuel');
INSERT INTO Transactions VALUES (314, 3, '2023-02-02', 1437.94, 'Expense', 6, 'Expense - Loan Payment');
INSERT INTO Transactions VALUES (315, 25, '2023-05-26', 744.47, 'Income', 8, 'Income - Fuel');
INSERT INTO Transactions VALUES (316, 24, '2023-04-06', 8934.39, 'Income', 3, 'Income - Utilities');
INSERT INTO Transactions VALUES (317, 34, '2023-04-04', 8020.88, 'Expense', 4, 'Expense - Entertainment');
INSERT INTO Transactions VALUES (318, 8, '2023-01-07', 14739.93, 'Expense', 7, 'Expense - Dining');
INSERT INTO Transactions VALUES (319, 36, '2023-01-31', 5309.36, 'Expense', 8, 'Expense - Fuel');
INSERT INTO Transactions VALUES (320, 14, '2023-03-15', 13910.21, 'Expense', 4, 'Expense - Entertainment');
INSERT INTO Transactions VALUES (321, 8, '2023-02-04', 17071.24, 'Expense', 3, 'Expense - Utilities');
INSERT INTO Transactions VALUES (322, 46, '2023-04-24', 19945.52, 'Expense', 6, 'Expense - Loan Payment');
INSERT INTO Transactions VALUES (323, 46, '2023-01-17', 11044.94, 'Expense', 5, 'Expense - Rent');
INSERT INTO Transactions VALUES (324, 11, '2023-02-14', 15894.56, 'Income', 2, 'Income - Grocery');
INSERT INTO Transactions VALUES (325, 13, '2023-02-05', 4811.05, 'Expense', 1, 'Expense - Salary');
INSERT INTO Transactions VALUES (326, 24, '2023-05-22', 11488.32, 'Expense', 3, 'Expense - Utilities');
INSERT INTO Transactions VALUES (327, 40, '2023-01-23', 1408.39, 'Expense', 8, 'Expense - Fuel');
INSERT INTO Transactions VALUES (328, 34, '2023-04-16', 15406.37, 'Income', 3, 'Income - Utilities');
INSERT INTO Transactions VALUES (329, 21, '2023-01-19', 9054.49, 'Expense', 3, 'Expense - Utilities');
INSERT INTO Transactions VALUES (330, 50, '2023-05-22', 12831.9, 'Income', 3, 'Income - Utilities');
INSERT INTO Transactions VALUES (331, 28, '2023-05-09', 18223.17, 'Income', 2, 'Income - Grocery');
INSERT INTO Transactions VALUES (332, 34, '2023-02-09', 6152.08, 'Income', 6, 'Income - Loan Payment');
INSERT INTO Transactions VALUES (333, 46, '2023-02-27', 6985.86, 'Expense', 2, 'Expense - Grocery');
INSERT INTO Transactions VALUES (334, 17, '2023-02-20', 12737.64, 'Expense', 3, 'Expense - Utilities');
INSERT INTO Transactions VALUES (335, 41, '2023-03-19', 12327.12, 'Income', 3, 'Income - Utilities');
INSERT INTO Transactions VALUES (336, 38, '2023-05-29', 3168.47, 'Expense', 1, 'Expense - Salary');
INSERT INTO Transactions VALUES (337, 2, '2023-01-21', 1004.69, 'Expense', 4, 'Expense - Entertainment');
INSERT INTO Transactions VALUES (338, 50, '2023-05-27', 8390.08, 'Income', 8, 'Income - Fuel');
INSERT INTO Transactions VALUES (339, 41, '2023-05-20', 5864.47, 'Expense', 8, 'Expense - Fuel');
INSERT INTO Transactions VALUES (340, 16, '2023-04-14', 6018.93, 'Income', 1, 'Income - Salary');
INSERT INTO Transactions VALUES (341, 11, '2023-04-23', 8370.87, 'Expense', 4, 'Expense - Entertainment');
INSERT INTO Transactions VALUES (342, 22, '2023-02-06', 6320.39, 'Expense', 6, 'Expense - Loan Payment');
INSERT INTO Transactions VALUES (343, 26, '2023-02-03', 15237.23, 'Income', 6, 'Income - Loan Payment');
INSERT INTO Transactions VALUES (344, 16, '2023-04-30', 2538.19, 'Expense', 4, 'Expense - Entertainment');
INSERT INTO Transactions VALUES (345, 10, '2023-01-25', 1107.05, 'Expense', 7, 'Expense - Dining');
INSERT INTO Transactions VALUES (346, 16, '2023-02-10', 16288.21, 'Expense', 4, 'Expense - Entertainment');
INSERT INTO Transactions VALUES (347, 49, '2023-02-10', 10015.48, 'Expense', 8, 'Expense - Fuel');
INSERT INTO Transactions VALUES (348, 20, '2023-05-08', 561.21, 'Expense', 8, 'Expense - Fuel');
INSERT INTO Transactions VALUES (349, 16, '2023-02-25', 11708.55, 'Income', 1, 'Income - Salary');
INSERT INTO Transactions VALUES (350, 19, '2023-05-07', 11990.62, 'Expense', 5, 'Expense - Rent');
INSERT INTO Transactions VALUES (351, 35, '2023-01-03', 16958.73, 'Expense', 3, 'Expense - Utilities');
INSERT INTO Transactions VALUES (352, 17, '2023-04-04', 15300.75, 'Expense', 1, 'Expense - Salary');
INSERT INTO Transactions VALUES (353, 26, '2023-01-14', 11448.6, 'Income', 6, 'Income - Loan Payment');
INSERT INTO Transactions VALUES (354, 36, '2023-03-15', 1563.28, 'Expense', 5, 'Expense - Rent');
INSERT INTO Transactions VALUES (355, 40, '2023-01-31', 2660.4, 'Income', 7, 'Income - Dining');
INSERT INTO Transactions VALUES (356, 24, '2023-03-28', 11200.85, 'Expense', 3, 'Expense - Utilities');
INSERT INTO Transactions VALUES (357, 13, '2023-05-11', 8087.6, 'Income', 1, 'Income - Salary');
INSERT INTO Transactions VALUES (358, 3, '2023-02-05', 14300.48, 'Expense', 8, 'Expense - Fuel');
INSERT INTO Transactions VALUES (359, 10, '2023-05-12', 2881.64, 'Expense', 3, 'Expense - Utilities');
INSERT INTO Transactions VALUES (360, 26, '2023-03-18', 11915.12, 'Expense', 5, 'Expense - Rent');
INSERT INTO Transactions VALUES (361, 31, '2023-01-05', 7430.32, 'Income', 7, 'Income - Dining');
INSERT INTO Transactions VALUES (362, 38, '2023-03-20', 15955.42, 'Income', 8, 'Income - Fuel');
INSERT INTO Transactions VALUES (363, 17, '2023-05-29', 11594.92, 'Income', 8, 'Income - Fuel');
INSERT INTO Transactions VALUES (364, 11, '2023-05-15', 12617.6, 'Expense', 3, 'Expense - Utilities');
INSERT INTO Transactions VALUES (365, 44, '2023-03-04', 728.25, 'Income', 4, 'Income - Entertainment');
INSERT INTO Transactions VALUES (366, 2, '2023-04-23', 6342.48, 'Income', 7, 'Income - Dining');
INSERT INTO Transactions VALUES (367, 45, '2023-02-22', 8266.51, 'Expense', 1, 'Expense - Salary');
INSERT INTO Transactions VALUES (368, 46, '2023-02-05', 10421.8, 'Expense', 8, 'Expense - Fuel');
INSERT INTO Transactions VALUES (369, 34, '2023-04-07', 6343.68, 'Income', 8, 'Income - Fuel');
INSERT INTO Transactions VALUES (370, 35, '2023-03-29', 10970.84, 'Expense', 8, 'Expense - Fuel');
INSERT INTO Transactions VALUES (371, 13, '2023-03-05', 5652.23, 'Expense', 4, 'Expense - Entertainment');
INSERT INTO Transactions VALUES (372, 20, '2023-03-15', 14127.53, 'Expense', 6, 'Expense - Loan Payment');
INSERT INTO Transactions VALUES (373, 31, '2023-03-31', 11253.7, 'Expense', 5, 'Expense - Rent');
INSERT INTO Transactions VALUES (374, 8, '2023-05-27', 13564.78, 'Expense', 7, 'Expense - Dining');
INSERT INTO Transactions VALUES (375, 23, '2023-02-07', 5880.01, 'Expense', 2, 'Expense - Grocery');
INSERT INTO Transactions VALUES (376, 23, '2023-04-24', 13153.84, 'Expense', 4, 'Expense - Entertainment');
INSERT INTO Transactions VALUES (377, 13, '2023-05-18', 5495.54, 'Expense', 3, 'Expense - Utilities');
INSERT INTO Transactions VALUES (378, 7, '2023-05-31', 4861.71, 'Income', 4, 'Income - Entertainment');
INSERT INTO Transactions VALUES (379, 41, '2023-03-01', 1144.57, 'Expense', 6, 'Expense - Loan Payment');
INSERT INTO Transactions VALUES (380, 46, '2023-05-01', 2100.84, 'Income', 1, 'Income - Salary');
INSERT INTO Transactions VALUES (381, 36, '2023-02-10', 8197.46, 'Expense', 8, 'Expense - Fuel');
INSERT INTO Transactions VALUES (382, 42, '2023-02-21', 15142.63, 'Expense', 6, 'Expense - Loan Payment');
INSERT INTO Transactions VALUES (383, 19, '2023-01-16', 18167.95, 'Income', 4, 'Income - Entertainment');
INSERT INTO Transactions VALUES (384, 35, '2023-01-10', 18273.27, 'Income', 7, 'Income - Dining');
INSERT INTO Transactions VALUES (385, 12, '2023-01-10', 19943.72, 'Expense', 8, 'Expense - Fuel');
INSERT INTO Transactions VALUES (386, 12, '2023-03-16', 17547.19, 'Income', 5, 'Income - Rent');
INSERT INTO Transactions VALUES (387, 37, '2023-01-28', 18576.25, 'Expense', 5, 'Expense - Rent');
INSERT INTO Transactions VALUES (388, 30, '2023-05-20', 10533.94, 'Income', 8, 'Income - Fuel');
INSERT INTO Transactions VALUES (389, 18, '2023-02-19', 16195.4, 'Expense', 3, 'Expense - Utilities');
INSERT INTO Transactions VALUES (390, 47, '2023-04-28', 13000.88, 'Income', 1, 'Income - Salary');
INSERT INTO Transactions VALUES (391, 48, '2023-03-28', 15836.28, 'Income', 3, 'Income - Utilities');
INSERT INTO Transactions VALUES (392, 40, '2023-04-14', 16557.1, 'Expense', 2, 'Expense - Grocery');
INSERT INTO Transactions VALUES (393, 26, '2023-01-25', 3777.15, 'Income', 8, 'Income - Fuel');
INSERT INTO Transactions VALUES (394, 21, '2023-03-05', 235.92, 'Expense', 4, 'Expense - Entertainment');
INSERT INTO Transactions VALUES (395, 29, '2023-03-10', 19085.29, 'Expense', 1, 'Expense - Salary');
INSERT INTO Transactions VALUES (396, 17, '2023-04-03', 13886.09, 'Income', 2, 'Income - Grocery');
INSERT INTO Transactions VALUES (397, 30, '2023-03-20', 3278.36, 'Expense', 2, 'Expense - Grocery');
INSERT INTO Transactions VALUES (398, 41, '2023-03-17', 7414.12, 'Income', 4, 'Income - Entertainment');
INSERT INTO Transactions VALUES (399, 9, '2023-05-03', 3148.39, 'Expense', 7, 'Expense - Dining');
INSERT INTO Transactions VALUES (400, 45, '2023-05-21', 18264.66, 'Income', 4, 'Income - Entertainment');
INSERT INTO Transactions VALUES (401, 44, '2023-01-21', 10557.58, 'Expense', 2, 'Expense - Grocery');
INSERT INTO Transactions VALUES (402, 37, '2023-01-29', 1328.99, 'Income', 3, 'Income - Utilities');
INSERT INTO Transactions VALUES (403, 11, '2023-03-25', 17104.27, 'Expense', 2, 'Expense - Grocery');
INSERT INTO Transactions VALUES (404, 44, '2023-02-22', 14366.67, 'Expense', 2, 'Expense - Grocery');
INSERT INTO Transactions VALUES (405, 33, '2023-04-25', 16192.97, 'Expense', 3, 'Expense - Utilities');
INSERT INTO Transactions VALUES (406, 33, '2023-04-17', 9190.29, 'Income', 8, 'Income - Fuel');
INSERT INTO Transactions VALUES (407, 44, '2023-03-20', 14493.27, 'Expense', 5, 'Expense - Rent');
INSERT INTO Transactions VALUES (408, 1, '2023-02-25', 11608.39, 'Income', 7, 'Income - Dining');
INSERT INTO Transactions VALUES (409, 23, '2023-01-17', 10869.15, 'Income', 2, 'Income - Grocery');
INSERT INTO Transactions VALUES (410, 31, '2023-01-09', 5813.11, 'Income', 3, 'Income - Utilities');
INSERT INTO Transactions VALUES (411, 50, '2023-04-18', 7551.77, 'Expense', 8, 'Expense - Fuel');
INSERT INTO Transactions VALUES (412, 25, '2023-04-07', 1696.97, 'Income', 6, 'Income - Loan Payment');
INSERT INTO Transactions VALUES (413, 8, '2023-02-15', 19857.65, 'Expense', 3, 'Expense - Utilities');
INSERT INTO Transactions VALUES (414, 47, '2023-02-27', 16712.95, 'Income', 5, 'Income - Rent');
INSERT INTO Transactions VALUES (415, 30, '2023-05-20', 8540.15, 'Expense', 4, 'Expense - Entertainment');
INSERT INTO Transactions VALUES (416, 16, '2023-04-28', 6988.58, 'Expense', 4, 'Expense - Entertainment');
INSERT INTO Transactions VALUES (417, 47, '2023-01-29', 741.12, 'Expense', 1, 'Expense - Salary');
INSERT INTO Transactions VALUES (418, 16, '2023-02-22', 1439.09, 'Income', 8, 'Income - Fuel');
INSERT INTO Transactions VALUES (419, 39, '2023-01-13', 4970.21, 'Income', 7, 'Income - Dining');
INSERT INTO Transactions VALUES (420, 29, '2023-03-01', 10841.22, 'Income', 3, 'Income - Utilities');
INSERT INTO Transactions VALUES (421, 33, '2023-03-16', 4759.81, 'Expense', 6, 'Expense - Loan Payment');
INSERT INTO Transactions VALUES (422, 16, '2023-03-19', 17537.54, 'Income', 7, 'Income - Dining');
INSERT INTO Transactions VALUES (423, 20, '2023-03-12', 1313.06, 'Income', 7, 'Income - Dining');
INSERT INTO Transactions VALUES (424, 36, '2023-05-07', 1032.99, 'Expense', 7, 'Expense - Dining');
INSERT INTO Transactions VALUES (425, 34, '2023-03-23', 13956.54, 'Expense', 3, 'Expense - Utilities');
INSERT INTO Transactions VALUES (426, 20, '2023-04-07', 3759.19, 'Expense', 4, 'Expense - Entertainment');
INSERT INTO Transactions VALUES (427, 15, '2023-03-18', 17165.07, 'Income', 8, 'Income - Fuel');
INSERT INTO Transactions VALUES (428, 4, '2023-05-24', 8312.28, 'Expense', 3, 'Expense - Utilities');
INSERT INTO Transactions VALUES (429, 25, '2023-03-04', 5174.41, 'Expense', 2, 'Expense - Grocery');
INSERT INTO Transactions VALUES (430, 29, '2023-04-05', 1940.03, 'Income', 1, 'Income - Salary');
INSERT INTO Transactions VALUES (431, 18, '2023-04-07', 13506.07, 'Income', 2, 'Income - Grocery');
INSERT INTO Transactions VALUES (432, 13, '2023-05-31', 14513.67, 'Income', 8, 'Income - Fuel');
INSERT INTO Transactions VALUES (433, 14, '2023-03-27', 6133.44, 'Income', 4, 'Income - Entertainment');
INSERT INTO Transactions VALUES (434, 13, '2023-01-31', 14962.9, 'Expense', 4, 'Expense - Entertainment');
INSERT INTO Transactions VALUES (435, 45, '2023-02-22', 7992.98, 'Income', 6, 'Income - Loan Payment');
INSERT INTO Transactions VALUES (436, 50, '2023-03-14', 7675.17, 'Expense', 5, 'Expense - Rent');
INSERT INTO Transactions VALUES (437, 17, '2023-04-03', 10305.05, 'Expense', 8, 'Expense - Fuel');
INSERT INTO Transactions VALUES (438, 7, '2023-05-01', 15256.42, 'Expense', 4, 'Expense - Entertainment');
INSERT INTO Transactions VALUES (439, 24, '2023-03-22', 8337.21, 'Income', 3, 'Income - Utilities');
INSERT INTO Transactions VALUES (440, 2, '2023-03-08', 11110.9, 'Expense', 5, 'Expense - Rent');
INSERT INTO Transactions VALUES (441, 10, '2023-02-20', 6664.32, 'Expense', 4, 'Expense - Entertainment');
INSERT INTO Transactions VALUES (442, 32, '2023-05-21', 13126.7, 'Expense', 5, 'Expense - Rent');
INSERT INTO Transactions VALUES (443, 49, '2023-05-06', 19333.51, 'Expense', 8, 'Expense - Fuel');
INSERT INTO Transactions VALUES (444, 11, '2023-04-01', 3468.39, 'Expense', 3, 'Expense - Utilities');
INSERT INTO Transactions VALUES (445, 35, '2023-01-16', 10526.49, 'Income', 1, 'Income - Salary');
INSERT INTO Transactions VALUES (446, 49, '2023-01-02', 8306.61, 'Income', 2, 'Income - Grocery');
INSERT INTO Transactions VALUES (447, 46, '2023-02-08', 281.92, 'Expense', 6, 'Expense - Loan Payment');
INSERT INTO Transactions VALUES (448, 4, '2023-05-04', 13219.76, 'Income', 1, 'Income - Salary');
INSERT INTO Transactions VALUES (449, 35, '2023-05-22', 8285.64, 'Income', 5, 'Income - Rent');
INSERT INTO Transactions VALUES (450, 35, '2023-03-15', 441.14, 'Expense', 3, 'Expense - Utilities');
INSERT INTO Transactions VALUES (451, 7, '2023-01-25', 10535.27, 'Income', 4, 'Income - Entertainment');
INSERT INTO Transactions VALUES (452, 40, '2023-05-15', 5123.12, 'Expense', 5, 'Expense - Rent');
INSERT INTO Transactions VALUES (453, 26, '2023-01-21', 7523.73, 'Expense', 8, 'Expense - Fuel');
INSERT INTO Transactions VALUES (454, 37, '2023-03-04', 19805.64, 'Income', 5, 'Income - Rent');
INSERT INTO Transactions VALUES (455, 44, '2023-01-21', 13109.34, 'Income', 2, 'Income - Grocery');
INSERT INTO Transactions VALUES (456, 26, '2023-04-08', 7605.67, 'Expense', 1, 'Expense - Salary');
INSERT INTO Transactions VALUES (457, 41, '2023-01-03', 14086.62, 'Income', 8, 'Income - Fuel');
INSERT INTO Transactions VALUES (458, 28, '2023-03-26', 11360.55, 'Income', 1, 'Income - Salary');
INSERT INTO Transactions VALUES (459, 15, '2023-02-24', 18035.33, 'Expense', 5, 'Expense - Rent');
INSERT INTO Transactions VALUES (460, 3, '2023-01-20', 13720.13, 'Expense', 1, 'Expense - Salary');
INSERT INTO Transactions VALUES (461, 12, '2023-03-22', 411.6, 'Income', 3, 'Income - Utilities');
INSERT INTO Transactions VALUES (462, 49, '2023-04-12', 18584.61, 'Expense', 3, 'Expense - Utilities');
INSERT INTO Transactions VALUES (463, 37, '2023-03-03', 11377.25, 'Expense', 6, 'Expense - Loan Payment');
INSERT INTO Transactions VALUES (464, 25, '2023-02-05', 15830.91, 'Income', 6, 'Income - Loan Payment');
INSERT INTO Transactions VALUES (465, 4, '2023-01-26', 8798.06, 'Income', 6, 'Income - Loan Payment');
INSERT INTO Transactions VALUES (466, 39, '2023-04-12', 19381.52, 'Expense', 1, 'Expense - Salary');
INSERT INTO Transactions VALUES (467, 41, '2023-03-11', 15692.61, 'Expense', 8, 'Expense - Fuel');
INSERT INTO Transactions VALUES (468, 15, '2023-04-02', 11105.45, 'Expense', 7, 'Expense - Dining');
INSERT INTO Transactions VALUES (469, 12, '2023-05-30', 13247.37, 'Income', 5, 'Income - Rent');
INSERT INTO Transactions VALUES (470, 16, '2023-01-19', 1732.56, 'Income', 7, 'Income - Dining');
INSERT INTO Transactions VALUES (471, 46, '2023-02-09', 14819.14, 'Expense', 6, 'Expense - Loan Payment');
INSERT INTO Transactions VALUES (472, 7, '2023-01-24', 203.38, 'Expense', 8, 'Expense - Fuel');
INSERT INTO Transactions VALUES (473, 24, '2023-03-11', 2134.41, 'Income', 3, 'Income - Utilities');
INSERT INTO Transactions VALUES (474, 28, '2023-04-25', 11184.0, 'Expense', 2, 'Expense - Grocery');
INSERT INTO Transactions VALUES (475, 2, '2023-01-23', 7142.89, 'Income', 6, 'Income - Loan Payment');
INSERT INTO Transactions VALUES (476, 25, '2023-01-04', 5907.76, 'Expense', 2, 'Expense - Grocery');
INSERT INTO Transactions VALUES (477, 47, '2023-05-24', 18113.63, 'Income', 3, 'Income - Utilities');
INSERT INTO Transactions VALUES (478, 44, '2023-04-08', 3473.08, 'Expense', 5, 'Expense - Rent');
INSERT INTO Transactions VALUES (479, 18, '2023-05-07', 3004.1, 'Income', 7, 'Income - Dining');
INSERT INTO Transactions VALUES (480, 18, '2023-04-18', 6065.07, 'Income', 6, 'Income - Loan Payment');
INSERT INTO Transactions VALUES (481, 17, '2023-03-05', 14445.9, 'Expense', 4, 'Expense - Entertainment');
INSERT INTO Transactions VALUES (482, 30, '2023-01-28', 2796.24, 'Income', 7, 'Income - Dining');
INSERT INTO Transactions VALUES (483, 22, '2023-04-08', 16101.12, 'Expense', 8, 'Expense - Fuel');
INSERT INTO Transactions VALUES (484, 22, '2023-04-21', 16327.96, 'Income', 5, 'Income - Rent');
INSERT INTO Transactions VALUES (485, 21, '2023-02-21', 9632.29, 'Income', 7, 'Income - Dining');
INSERT INTO Transactions VALUES (486, 21, '2023-03-16', 14724.0, 'Expense', 4, 'Expense - Entertainment');
INSERT INTO Transactions VALUES (487, 21, '2023-04-07', 5677.97, 'Expense', 6, 'Expense - Loan Payment');
INSERT INTO Transactions VALUES (488, 8, '2023-05-25', 4076.02, 'Income', 1, 'Income - Salary');
INSERT INTO Transactions VALUES (489, 47, '2023-04-29', 18865.2, 'Income', 8, 'Income - Fuel');
INSERT INTO Transactions VALUES (490, 19, '2023-01-18', 16397.41, 'Expense', 8, 'Expense - Fuel');
INSERT INTO Transactions VALUES (491, 9, '2023-03-19', 4916.22, 'Income', 7, 'Income - Dining');
INSERT INTO Transactions VALUES (492, 25, '2023-01-19', 9036.43, 'Expense', 7, 'Expense - Dining');
INSERT INTO Transactions VALUES (493, 35, '2023-05-10', 18477.57, 'Expense', 1, 'Expense - Salary');
INSERT INTO Transactions VALUES (494, 24, '2023-05-18', 11917.02, 'Income', 2, 'Income - Grocery');
INSERT INTO Transactions VALUES (495, 50, '2023-03-05', 13186.27, 'Expense', 3, 'Expense - Utilities');
INSERT INTO Transactions VALUES (496, 42, '2023-01-12', 11308.08, 'Expense', 6, 'Expense - Loan Payment');
INSERT INTO Transactions VALUES (497, 28, '2023-01-28', 309.9, 'Expense', 4, 'Expense - Entertainment');
INSERT INTO Transactions VALUES (498, 33, '2023-05-13', 11204.07, 'Income', 8, 'Income - Fuel');
INSERT INTO Transactions VALUES (499, 24, '2023-04-11', 9314.96, 'Income', 6, 'Income - Loan Payment');
INSERT INTO Transactions VALUES (500, 2, '2023-05-04', 2180.53, 'Expense', 2, 'Expense - Grocery');
INSERT INTO Transactions VALUES (501, 8, '2023-02-06', 7031.74, 'Expense', 8, 'Expense - Fuel');
INSERT INTO Transactions VALUES (502, 14, '2023-05-14', 9710.23, 'Expense', 2, 'Expense - Grocery');
INSERT INTO Transactions VALUES (503, 29, '2023-04-26', 6446.3, 'Expense', 1, 'Expense - Salary');
INSERT INTO Transactions VALUES (504, 46, '2023-01-30', 549.44, 'Expense', 2, 'Expense - Grocery');
INSERT INTO Transactions VALUES (505, 44, '2023-02-12', 18605.46, 'Income', 3, 'Income - Utilities');
INSERT INTO Transactions VALUES (506, 36, '2023-02-10', 6686.69, 'Expense', 8, 'Expense - Fuel');
INSERT INTO Transactions VALUES (507, 15, '2023-04-14', 12632.23, 'Income', 7, 'Income - Dining');
INSERT INTO Transactions VALUES (508, 26, '2023-01-08', 14774.03, 'Income', 8, 'Income - Fuel');
INSERT INTO Transactions VALUES (509, 38, '2023-04-20', 7837.83, 'Income', 4, 'Income - Entertainment');
INSERT INTO Transactions VALUES (510, 18, '2023-01-17', 11589.22, 'Income', 6, 'Income - Loan Payment');
INSERT INTO Transactions VALUES (511, 21, '2023-02-20', 9205.25, 'Expense', 8, 'Expense - Fuel');
INSERT INTO Transactions VALUES (512, 34, '2023-03-22', 11979.72, 'Expense', 2, 'Expense - Grocery');
INSERT INTO Transactions VALUES (513, 23, '2023-04-01', 16925.8, 'Income', 5, 'Income - Rent');
INSERT INTO Transactions VALUES (514, 40, '2023-01-22', 13474.99, 'Expense', 2, 'Expense - Grocery');
INSERT INTO Transactions VALUES (515, 16, '2023-03-20', 2427.28, 'Expense', 3, 'Expense - Utilities');
INSERT INTO Transactions VALUES (516, 33, '2023-04-10', 8422.96, 'Income', 7, 'Income - Dining');
INSERT INTO Transactions VALUES (517, 28, '2023-02-17', 9784.74, 'Income', 3, 'Income - Utilities');
INSERT INTO Transactions VALUES (518, 32, '2023-03-15', 2891.9, 'Expense', 8, 'Expense - Fuel');
INSERT INTO Transactions VALUES (519, 40, '2023-01-14', 17323.89, 'Income', 8, 'Income - Fuel');
INSERT INTO Transactions VALUES (520, 9, '2023-02-19', 16322.8, 'Expense', 7, 'Expense - Dining');
INSERT INTO Transactions VALUES (521, 44, '2023-05-06', 8371.05, 'Expense', 8, 'Expense - Fuel');
INSERT INTO Transactions VALUES (522, 11, '2023-01-22', 11351.42, 'Income', 5, 'Income - Rent');
INSERT INTO Transactions VALUES (523, 3, '2023-03-12', 4574.38, 'Expense', 3, 'Expense - Utilities');
INSERT INTO Transactions VALUES (524, 50, '2023-04-28', 11356.44, 'Expense', 2, 'Expense - Grocery');
INSERT INTO Transactions VALUES (525, 37, '2023-01-30', 5430.99, 'Expense', 1, 'Expense - Salary');
INSERT INTO Transactions VALUES (526, 49, '2023-04-23', 10972.43, 'Expense', 2, 'Expense - Grocery');
INSERT INTO Transactions VALUES (527, 48, '2023-03-05', 6024.41, 'Income', 8, 'Income - Fuel');
INSERT INTO Transactions VALUES (528, 17, '2023-03-31', 17257.77, 'Income', 8, 'Income - Fuel');
INSERT INTO Transactions VALUES (529, 8, '2023-03-02', 4276.58, 'Expense', 7, 'Expense - Dining');
INSERT INTO Transactions VALUES (530, 11, '2023-02-05', 15718.5, 'Income', 1, 'Income - Salary');
INSERT INTO Transactions VALUES (531, 37, '2023-03-31', 10692.39, 'Income', 6, 'Income - Loan Payment');
INSERT INTO Transactions VALUES (532, 46, '2023-03-16', 5857.73, 'Expense', 2, 'Expense - Grocery');
INSERT INTO Transactions VALUES (533, 9, '2023-04-16', 18383.5, 'Expense', 3, 'Expense - Utilities');
INSERT INTO Transactions VALUES (534, 45, '2023-02-03', 5068.58, 'Expense', 4, 'Expense - Entertainment');
INSERT INTO Transactions VALUES (535, 49, '2023-04-11', 9840.23, 'Expense', 7, 'Expense - Dining');
INSERT INTO Transactions VALUES (536, 25, '2023-04-26', 1602.77, 'Income', 7, 'Income - Dining');
INSERT INTO Transactions VALUES (537, 33, '2023-03-13', 13924.6, 'Expense', 8, 'Expense - Fuel');
INSERT INTO Transactions VALUES (538, 32, '2023-03-25', 11680.92, 'Income', 8, 'Income - Fuel');
INSERT INTO Transactions VALUES (539, 41, '2023-04-02', 17017.11, 'Expense', 4, 'Expense - Entertainment');
INSERT INTO Transactions VALUES (540, 28, '2023-02-24', 9944.83, 'Expense', 5, 'Expense - Rent');
INSERT INTO Transactions VALUES (541, 22, '2023-05-21', 11600.88, 'Expense', 6, 'Expense - Loan Payment');
INSERT INTO Transactions VALUES (542, 44, '2023-01-13', 1014.26, 'Expense', 1, 'Expense - Salary');
INSERT INTO Transactions VALUES (543, 8, '2023-02-10', 8881.59, 'Income', 7, 'Income - Dining');
INSERT INTO Transactions VALUES (544, 13, '2023-02-03', 17654.74, 'Expense', 3, 'Expense - Utilities');
INSERT INTO Transactions VALUES (545, 18, '2023-01-24', 13126.3, 'Expense', 2, 'Expense - Grocery');
INSERT INTO Transactions VALUES (546, 24, '2023-02-12', 1130.57, 'Expense', 4, 'Expense - Entertainment');
INSERT INTO Transactions VALUES (547, 28, '2023-01-24', 14103.59, 'Income', 4, 'Income - Entertainment');
INSERT INTO Transactions VALUES (548, 31, '2023-01-20', 2740.73, 'Income', 8, 'Income - Fuel');
INSERT INTO Transactions VALUES (549, 1, '2023-01-03', 13942.38, 'Income', 7, 'Income - Dining');
INSERT INTO Transactions VALUES (550, 45, '2023-02-03', 9606.23, 'Income', 7, 'Income - Dining');
INSERT INTO Transactions VALUES (551, 6, '2023-01-27', 2153.71, 'Expense', 5, 'Expense - Rent');
INSERT INTO Transactions VALUES (552, 9, '2023-04-08', 15491.86, 'Income', 3, 'Income - Utilities');
INSERT INTO Transactions VALUES (553, 5, '2023-05-16', 11309.5, 'Income', 8, 'Income - Fuel');
INSERT INTO Transactions VALUES (554, 23, '2023-02-24', 12598.79, 'Income', 7, 'Income - Dining');
INSERT INTO Transactions VALUES (555, 40, '2023-04-24', 17213.25, 'Income', 2, 'Income - Grocery');
INSERT INTO Transactions VALUES (556, 9, '2023-02-01', 11832.52, 'Expense', 6, 'Expense - Loan Payment');
INSERT INTO Transactions VALUES (557, 28, '2023-03-22', 15842.43, 'Income', 5, 'Income - Rent');
INSERT INTO Transactions VALUES (558, 42, '2023-01-22', 5038.52, 'Expense', 1, 'Expense - Salary');
INSERT INTO Transactions VALUES (559, 43, '2023-03-19', 4188.37, 'Income', 7, 'Income - Dining');
INSERT INTO Transactions VALUES (560, 19, '2023-01-14', 15697.65, 'Income', 8, 'Income - Fuel');
INSERT INTO Transactions VALUES (561, 25, '2023-01-29', 4897.53, 'Income', 1, 'Income - Salary');
INSERT INTO Transactions VALUES (562, 24, '2023-03-23', 2726.46, 'Expense', 6, 'Expense - Loan Payment');
INSERT INTO Transactions VALUES (563, 35, '2023-02-14', 15278.25, 'Income', 1, 'Income - Salary');
INSERT INTO Transactions VALUES (564, 38, '2023-01-18', 374.49, 'Income', 1, 'Income - Salary');
INSERT INTO Transactions VALUES (565, 4, '2023-04-12', 10181.55, 'Expense', 7, 'Expense - Dining');
INSERT INTO Transactions VALUES (566, 45, '2023-04-13', 1740.31, 'Income', 5, 'Income - Rent');
INSERT INTO Transactions VALUES (567, 6, '2023-03-21', 1672.53, 'Income', 3, 'Income - Utilities');
INSERT INTO Transactions VALUES (568, 35, '2023-03-25', 7875.56, 'Income', 5, 'Income - Rent');
INSERT INTO Transactions VALUES (569, 45, '2023-04-22', 14626.17, 'Income', 1, 'Income - Salary');
INSERT INTO Transactions VALUES (570, 16, '2023-01-23', 18500.09, 'Income', 8, 'Income - Fuel');
INSERT INTO Transactions VALUES (571, 40, '2023-01-15', 6254.87, 'Income', 2, 'Income - Grocery');
INSERT INTO Transactions VALUES (572, 1, '2023-02-05', 14059.84, 'Income', 8, 'Income - Fuel');
INSERT INTO Transactions VALUES (573, 23, '2023-05-14', 10392.73, 'Expense', 3, 'Expense - Utilities');
INSERT INTO Transactions VALUES (574, 24, '2023-02-02', 15020.55, 'Expense', 2, 'Expense - Grocery');
INSERT INTO Transactions VALUES (575, 50, '2023-01-08', 6766.72, 'Expense', 5, 'Expense - Rent');
INSERT INTO Transactions VALUES (576, 34, '2023-01-17', 5332.7, 'Income', 8, 'Income - Fuel');
INSERT INTO Transactions VALUES (577, 30, '2023-05-11', 7266.47, 'Expense', 3, 'Expense - Utilities');
INSERT INTO Transactions VALUES (578, 24, '2023-02-10', 5176.81, 'Income', 2, 'Income - Grocery');
INSERT INTO Transactions VALUES (579, 15, '2023-05-11', 151.11, 'Income', 4, 'Income - Entertainment');
INSERT INTO Transactions VALUES (580, 3, '2023-05-01', 7343.13, 'Income', 3, 'Income - Utilities');
INSERT INTO Transactions VALUES (581, 3, '2023-05-22', 16082.0, 'Expense', 4, 'Expense - Entertainment');
INSERT INTO Transactions VALUES (582, 21, '2023-03-05', 8383.51, 'Expense', 5, 'Expense - Rent');
INSERT INTO Transactions VALUES (583, 5, '2023-05-27', 7518.88, 'Income', 3, 'Income - Utilities');
INSERT INTO Transactions VALUES (584, 15, '2023-05-13', 19630.14, 'Expense', 2, 'Expense - Grocery');
INSERT INTO Transactions VALUES (585, 30, '2023-03-14', 15493.2, 'Expense', 6, 'Expense - Loan Payment');
INSERT INTO Transactions VALUES (586, 6, '2023-05-22', 9189.25, 'Expense', 4, 'Expense - Entertainment');
INSERT INTO Transactions VALUES (587, 19, '2023-05-25', 15711.69, 'Income', 8, 'Income - Fuel');
INSERT INTO Transactions VALUES (588, 24, '2023-05-07', 19955.96, 'Income', 4, 'Income - Entertainment');
INSERT INTO Transactions VALUES (589, 10, '2023-01-02', 18654.71, 'Income', 4, 'Income - Entertainment');
INSERT INTO Transactions VALUES (590, 35, '2023-03-30', 12755.24, 'Income', 6, 'Income - Loan Payment');
INSERT INTO Transactions VALUES (591, 1, '2023-04-07', 16995.22, 'Expense', 2, 'Expense - Grocery');
INSERT INTO Transactions VALUES (592, 14, '2023-05-16', 19664.0, 'Expense', 8, 'Expense - Fuel');
INSERT INTO Transactions VALUES (593, 4, '2023-02-06', 14261.88, 'Income', 1, 'Income - Salary');
INSERT INTO Transactions VALUES (594, 15, '2023-05-14', 8319.83, 'Expense', 8, 'Expense - Fuel');
INSERT INTO Transactions VALUES (595, 48, '2023-01-22', 11657.34, 'Income', 7, 'Income - Dining');
INSERT INTO Transactions VALUES (596, 5, '2023-05-26', 1339.43, 'Income', 4, 'Income - Entertainment');
INSERT INTO Transactions VALUES (597, 19, '2023-03-08', 17033.18, 'Expense', 6, 'Expense - Loan Payment');
INSERT INTO Transactions VALUES (598, 21, '2023-04-26', 5511.92, 'Income', 4, 'Income - Entertainment');
INSERT INTO Transactions VALUES (599, 9, '2023-05-30', 2268.56, 'Income', 3, 'Income - Utilities');
INSERT INTO Transactions VALUES (600, 29, '2023-04-30', 6349.26, 'Income', 6, 'Income - Loan Payment');
INSERT INTO Transactions VALUES (601, 50, '2023-02-23', 9093.15, 'Expense', 5, 'Expense - Rent');
INSERT INTO Transactions VALUES (602, 8, '2023-01-24', 3236.55, 'Expense', 1, 'Expense - Salary');
INSERT INTO Transactions VALUES (603, 14, '2023-03-25', 3051.64, 'Income', 6, 'Income - Loan Payment');
INSERT INTO Transactions VALUES (604, 26, '2023-05-12', 1074.12, 'Expense', 5, 'Expense - Rent');
INSERT INTO Transactions VALUES (605, 12, '2023-01-08', 19046.72, 'Expense', 4, 'Expense - Entertainment');
INSERT INTO Transactions VALUES (606, 7, '2023-04-29', 2127.96, 'Income', 2, 'Income - Grocery');
INSERT INTO Transactions VALUES (607, 1, '2023-01-16', 16624.41, 'Income', 3, 'Income - Utilities');
INSERT INTO Transactions VALUES (608, 13, '2023-04-13', 7507.57, 'Income', 5, 'Income - Rent');
INSERT INTO Transactions VALUES (609, 5, '2023-01-06', 19943.51, 'Income', 8, 'Income - Fuel');
INSERT INTO Transactions VALUES (610, 9, '2023-01-24', 18111.05, 'Expense', 2, 'Expense - Grocery');
INSERT INTO Transactions VALUES (611, 3, '2023-04-29', 1107.69, 'Expense', 7, 'Expense - Dining');
INSERT INTO Transactions VALUES (612, 32, '2023-01-08', 7716.32, 'Expense', 3, 'Expense - Utilities');
INSERT INTO Transactions VALUES (613, 23, '2023-02-24', 18175.25, 'Expense', 5, 'Expense - Rent');
INSERT INTO Transactions VALUES (614, 29, '2023-02-08', 789.52, 'Income', 5, 'Income - Rent');
INSERT INTO Transactions VALUES (615, 32, '2023-04-16', 17667.29, 'Expense', 1, 'Expense - Salary');
INSERT INTO Transactions VALUES (616, 6, '2023-03-13', 7722.0, 'Expense', 4, 'Expense - Entertainment');
INSERT INTO Transactions VALUES (617, 42, '2023-05-15', 5058.04, 'Income', 7, 'Income - Dining');
INSERT INTO Transactions VALUES (618, 46, '2023-04-02', 9645.72, 'Expense', 6, 'Expense - Loan Payment');
INSERT INTO Transactions VALUES (619, 37, '2023-05-09', 6499.93, 'Expense', 3, 'Expense - Utilities');
INSERT INTO Transactions VALUES (620, 2, '2023-03-23', 11982.62, 'Income', 5, 'Income - Rent');
INSERT INTO Transactions VALUES (621, 4, '2023-05-01', 10635.7, 'Income', 3, 'Income - Utilities');
INSERT INTO Transactions VALUES (622, 7, '2023-03-05', 13171.6, 'Expense', 1, 'Expense - Salary');
INSERT INTO Transactions VALUES (623, 49, '2023-02-26', 11556.27, 'Expense', 6, 'Expense - Loan Payment');
INSERT INTO Transactions VALUES (624, 12, '2023-02-15', 4807.37, 'Expense', 6, 'Expense - Loan Payment');
INSERT INTO Transactions VALUES (625, 38, '2023-01-08', 14098.71, 'Expense', 3, 'Expense - Utilities');
INSERT INTO Transactions VALUES (626, 37, '2023-02-18', 16750.27, 'Expense', 5, 'Expense - Rent');
INSERT INTO Transactions VALUES (627, 12, '2023-05-06', 855.48, 'Income', 4, 'Income - Entertainment');
INSERT INTO Transactions VALUES (628, 39, '2023-02-26', 496.57, 'Expense', 1, 'Expense - Salary');
INSERT INTO Transactions VALUES (629, 22, '2023-02-21', 16148.26, 'Expense', 3, 'Expense - Utilities');
INSERT INTO Transactions VALUES (630, 21, '2023-01-16', 536.07, 'Income', 2, 'Income - Grocery');
INSERT INTO Transactions VALUES (631, 34, '2023-04-04', 19215.12, 'Expense', 7, 'Expense - Dining');
INSERT INTO Transactions VALUES (632, 38, '2023-01-26', 6797.57, 'Expense', 3, 'Expense - Utilities');
INSERT INTO Transactions VALUES (633, 11, '2023-04-22', 15857.67, 'Expense', 6, 'Expense - Loan Payment');
INSERT INTO Transactions VALUES (634, 12, '2023-05-24', 13901.85, 'Expense', 4, 'Expense - Entertainment');
INSERT INTO Transactions VALUES (635, 43, '2023-05-31', 16307.64, 'Expense', 5, 'Expense - Rent');
INSERT INTO Transactions VALUES (636, 47, '2023-03-17', 2634.23, 'Income', 7, 'Income - Dining');
INSERT INTO Transactions VALUES (637, 50, '2023-05-26', 744.42, 'Expense', 4, 'Expense - Entertainment');
INSERT INTO Transactions VALUES (638, 41, '2023-05-25', 2171.79, 'Expense', 3, 'Expense - Utilities');
INSERT INTO Transactions VALUES (639, 22, '2023-01-20', 4836.12, 'Expense', 3, 'Expense - Utilities');
INSERT INTO Transactions VALUES (640, 41, '2023-01-23', 16451.07, 'Expense', 8, 'Expense - Fuel');
INSERT INTO Transactions VALUES (641, 1, '2023-03-09', 4272.72, 'Income', 6, 'Income - Loan Payment');
INSERT INTO Transactions VALUES (642, 17, '2023-01-28', 14436.23, 'Income', 7, 'Income - Dining');
INSERT INTO Transactions VALUES (643, 29, '2023-04-18', 19385.13, 'Expense', 8, 'Expense - Fuel');
INSERT INTO Transactions VALUES (644, 25, '2023-03-31', 10965.88, 'Income', 8, 'Income - Fuel');
INSERT INTO Transactions VALUES (645, 37, '2023-02-27', 3336.86, 'Income', 1, 'Income - Salary');
INSERT INTO Transactions VALUES (646, 19, '2023-01-06', 6442.47, 'Income', 2, 'Income - Grocery');
INSERT INTO Transactions VALUES (647, 22, '2023-02-13', 17769.83, 'Income', 2, 'Income - Grocery');
INSERT INTO Transactions VALUES (648, 36, '2023-01-24', 6825.22, 'Expense', 1, 'Expense - Salary');
INSERT INTO Transactions VALUES (649, 28, '2023-02-12', 12185.62, 'Expense', 3, 'Expense - Utilities');
INSERT INTO Transactions VALUES (650, 4, '2023-01-26', 6688.78, 'Income', 7, 'Income - Dining');
INSERT INTO Transactions VALUES (651, 45, '2023-05-22', 14468.56, 'Expense', 5, 'Expense - Rent');
INSERT INTO Transactions VALUES (652, 20, '2023-03-02', 2008.73, 'Expense', 8, 'Expense - Fuel');
INSERT INTO Transactions VALUES (653, 10, '2023-01-14', 7280.5, 'Expense', 2, 'Expense - Grocery');
INSERT INTO Transactions VALUES (654, 19, '2023-05-03', 4073.53, 'Income', 4, 'Income - Entertainment');
INSERT INTO Transactions VALUES (655, 11, '2023-03-16', 19543.45, 'Expense', 2, 'Expense - Grocery');
INSERT INTO Transactions VALUES (656, 20, '2023-04-12', 9471.79, 'Expense', 2, 'Expense - Grocery');
INSERT INTO Transactions VALUES (657, 42, '2023-05-20', 7811.79, 'Expense', 7, 'Expense - Dining');
INSERT INTO Transactions VALUES (658, 24, '2023-02-17', 8970.93, 'Expense', 8, 'Expense - Fuel');
INSERT INTO Transactions VALUES (659, 30, '2023-03-09', 4602.22, 'Expense', 1, 'Expense - Salary');
INSERT INTO Transactions VALUES (660, 10, '2023-01-25', 1805.58, 'Expense', 7, 'Expense - Dining');
INSERT INTO Transactions VALUES (661, 49, '2023-05-31', 4627.5, 'Income', 7, 'Income - Dining');
INSERT INTO Transactions VALUES (662, 34, '2023-04-18', 19315.99, 'Expense', 4, 'Expense - Entertainment');
INSERT INTO Transactions VALUES (663, 31, '2023-03-18', 1671.21, 'Income', 3, 'Income - Utilities');
INSERT INTO Transactions VALUES (664, 8, '2023-04-25', 3540.29, 'Income', 4, 'Income - Entertainment');
INSERT INTO Transactions VALUES (665, 13, '2023-02-02', 949.25, 'Income', 7, 'Income - Dining');
INSERT INTO Transactions VALUES (666, 13, '2023-02-07', 16698.75, 'Expense', 6, 'Expense - Loan Payment');
INSERT INTO Transactions VALUES (667, 47, '2023-01-18', 1831.85, 'Expense', 6, 'Expense - Loan Payment');
INSERT INTO Transactions VALUES (668, 18, '2023-05-14', 9217.33, 'Income', 7, 'Income - Dining');
INSERT INTO Transactions VALUES (669, 8, '2023-04-17', 3077.88, 'Income', 2, 'Income - Grocery');
INSERT INTO Transactions VALUES (670, 37, '2023-01-26', 15736.34, 'Expense', 7, 'Expense - Dining');
INSERT INTO Transactions VALUES (671, 17, '2023-04-09', 13130.27, 'Expense', 1, 'Expense - Salary');
INSERT INTO Transactions VALUES (672, 12, '2023-03-12', 8119.18, 'Expense', 1, 'Expense - Salary');
INSERT INTO Transactions VALUES (673, 26, '2023-03-26', 13841.22, 'Income', 8, 'Income - Fuel');
INSERT INTO Transactions VALUES (674, 18, '2023-04-06', 502.63, 'Expense', 5, 'Expense - Rent');
INSERT INTO Transactions VALUES (675, 18, '2023-05-06', 17178.87, 'Income', 4, 'Income - Entertainment');
INSERT INTO Transactions VALUES (676, 9, '2023-03-18', 19486.97, 'Expense', 6, 'Expense - Loan Payment');
INSERT INTO Transactions VALUES (677, 18, '2023-04-17', 12139.08, 'Income', 4, 'Income - Entertainment');
INSERT INTO Transactions VALUES (678, 29, '2023-02-24', 18277.31, 'Expense', 8, 'Expense - Fuel');
INSERT INTO Transactions VALUES (679, 49, '2023-05-13', 17357.06, 'Income', 3, 'Income - Utilities');
INSERT INTO Transactions VALUES (680, 5, '2023-03-21', 14220.43, 'Expense', 3, 'Expense - Utilities');
INSERT INTO Transactions VALUES (681, 50, '2023-05-15', 17598.72, 'Income', 3, 'Income - Utilities');
INSERT INTO Transactions VALUES (682, 13, '2023-02-21', 16755.84, 'Income', 1, 'Income - Salary');
INSERT INTO Transactions VALUES (683, 30, '2023-01-13', 18368.82, 'Income', 5, 'Income - Rent');
INSERT INTO Transactions VALUES (684, 24, '2023-04-29', 10152.01, 'Income', 1, 'Income - Salary');
INSERT INTO Transactions VALUES (685, 16, '2023-04-06', 9826.86, 'Expense', 3, 'Expense - Utilities');
INSERT INTO Transactions VALUES (686, 31, '2023-05-31', 11071.54, 'Expense', 3, 'Expense - Utilities');
INSERT INTO Transactions VALUES (687, 17, '2023-01-24', 5772.88, 'Expense', 1, 'Expense - Salary');
INSERT INTO Transactions VALUES (688, 11, '2023-05-27', 15618.62, 'Income', 4, 'Income - Entertainment');
INSERT INTO Transactions VALUES (689, 42, '2023-02-27', 13586.14, 'Expense', 7, 'Expense - Dining');
INSERT INTO Transactions VALUES (690, 33, '2023-01-06', 17306.14, 'Income', 8, 'Income - Fuel');
INSERT INTO Transactions VALUES (691, 9, '2023-02-14', 12062.72, 'Income', 4, 'Income - Entertainment');
INSERT INTO Transactions VALUES (692, 17, '2023-03-20', 14283.54, 'Expense', 7, 'Expense - Dining');
INSERT INTO Transactions VALUES (693, 25, '2023-03-31', 9234.06, 'Income', 8, 'Income - Fuel');
INSERT INTO Transactions VALUES (694, 20, '2023-05-14', 16503.79, 'Expense', 2, 'Expense - Grocery');
INSERT INTO Transactions VALUES (695, 1, '2023-05-11', 19988.64, 'Expense', 5, 'Expense - Rent');
INSERT INTO Transactions VALUES (696, 20, '2023-01-28', 9686.59, 'Expense', 5, 'Expense - Rent');
INSERT INTO Transactions VALUES (697, 41, '2023-03-25', 17243.68, 'Expense', 5, 'Expense - Rent');
INSERT INTO Transactions VALUES (698, 13, '2023-02-08', 10394.14, 'Income', 1, 'Income - Salary');
INSERT INTO Transactions VALUES (699, 39, '2023-04-14', 13244.55, 'Income', 1, 'Income - Salary');
INSERT INTO Transactions VALUES (700, 42, '2023-05-08', 19949.64, 'Expense', 7, 'Expense - Dining');
INSERT INTO Transactions VALUES (701, 26, '2023-04-10', 14760.97, 'Income', 6, 'Income - Loan Payment');
INSERT INTO Transactions VALUES (702, 47, '2023-02-26', 13757.73, 'Expense', 6, 'Expense - Loan Payment');
INSERT INTO Transactions VALUES (703, 33, '2023-03-18', 16923.84, 'Income', 5, 'Income - Rent');
INSERT INTO Transactions VALUES (704, 7, '2023-05-01', 2646.09, 'Expense', 3, 'Expense - Utilities');
INSERT INTO Transactions VALUES (705, 44, '2023-03-27', 13123.25, 'Income', 6, 'Income - Loan Payment');
INSERT INTO Transactions VALUES (706, 15, '2023-03-20', 8467.4, 'Expense', 6, 'Expense - Loan Payment');
INSERT INTO Transactions VALUES (707, 17, '2023-05-30', 5951.62, 'Income', 8, 'Income - Fuel');
INSERT INTO Transactions VALUES (708, 4, '2023-05-30', 11648.23, 'Income', 8, 'Income - Fuel');
INSERT INTO Transactions VALUES (709, 13, '2023-05-09', 2484.34, 'Expense', 5, 'Expense - Rent');
INSERT INTO Transactions VALUES (710, 27, '2023-01-14', 17429.9, 'Income', 3, 'Income - Utilities');
INSERT INTO Transactions VALUES (711, 13, '2023-03-29', 8242.92, 'Expense', 3, 'Expense - Utilities');
INSERT INTO Transactions VALUES (712, 21, '2023-02-16', 15600.93, 'Expense', 6, 'Expense - Loan Payment');
INSERT INTO Transactions VALUES (713, 41, '2023-02-15', 6336.94, 'Income', 1, 'Income - Salary');
INSERT INTO Transactions VALUES (714, 29, '2023-03-12', 4266.71, 'Income', 3, 'Income - Utilities');
INSERT INTO Transactions VALUES (715, 32, '2023-01-23', 2675.18, 'Expense', 7, 'Expense - Dining');
INSERT INTO Transactions VALUES (716, 26, '2023-04-20', 19310.02, 'Expense', 1, 'Expense - Salary');
INSERT INTO Transactions VALUES (717, 3, '2023-05-17', 4068.34, 'Expense', 1, 'Expense - Salary');
INSERT INTO Transactions VALUES (718, 21, '2023-05-16', 3892.48, 'Income', 4, 'Income - Entertainment');
INSERT INTO Transactions VALUES (719, 15, '2023-03-30', 6310.64, 'Income', 7, 'Income - Dining');
INSERT INTO Transactions VALUES (720, 33, '2023-05-31', 6191.69, 'Income', 1, 'Income - Salary');
INSERT INTO Transactions VALUES (721, 20, '2023-03-16', 9172.93, 'Expense', 7, 'Expense - Dining');
INSERT INTO Transactions VALUES (722, 44, '2023-02-04', 6920.38, 'Expense', 6, 'Expense - Loan Payment');
INSERT INTO Transactions VALUES (723, 49, '2023-02-18', 3381.18, 'Expense', 1, 'Expense - Salary');
INSERT INTO Transactions VALUES (724, 15, '2023-02-27', 14570.66, 'Income', 4, 'Income - Entertainment');
INSERT INTO Transactions VALUES (725, 47, '2023-01-06', 11834.89, 'Income', 2, 'Income - Grocery');
INSERT INTO Transactions VALUES (726, 24, '2023-01-10', 7566.33, 'Expense', 1, 'Expense - Salary');
INSERT INTO Transactions VALUES (727, 39, '2023-01-13', 13273.2, 'Income', 1, 'Income - Salary');
INSERT INTO Transactions VALUES (728, 45, '2023-01-30', 8393.83, 'Expense', 2, 'Expense - Grocery');
INSERT INTO Transactions VALUES (729, 36, '2023-03-06', 9540.49, 'Income', 4, 'Income - Entertainment');
INSERT INTO Transactions VALUES (730, 45, '2023-01-03', 6092.22, 'Income', 5, 'Income - Rent');
INSERT INTO Transactions VALUES (731, 40, '2023-02-05', 8434.63, 'Income', 2, 'Income - Grocery');
INSERT INTO Transactions VALUES (732, 19, '2023-01-30', 15716.73, 'Expense', 4, 'Expense - Entertainment');
INSERT INTO Transactions VALUES (733, 39, '2023-02-21', 15581.38, 'Income', 6, 'Income - Loan Payment');
INSERT INTO Transactions VALUES (734, 46, '2023-04-15', 5977.49, 'Income', 8, 'Income - Fuel');
INSERT INTO Transactions VALUES (735, 14, '2023-05-04', 6679.01, 'Income', 1, 'Income - Salary');
INSERT INTO Transactions VALUES (736, 43, '2023-01-23', 18146.91, 'Expense', 3, 'Expense - Utilities');
INSERT INTO Transactions VALUES (737, 6, '2023-05-11', 1593.46, 'Income', 5, 'Income - Rent');
INSERT INTO Transactions VALUES (738, 42, '2023-03-01', 9189.35, 'Expense', 5, 'Expense - Rent');
INSERT INTO Transactions VALUES (739, 30, '2023-01-13', 2086.2, 'Income', 1, 'Income - Salary');
INSERT INTO Transactions VALUES (740, 19, '2023-04-03', 16051.76, 'Expense', 7, 'Expense - Dining');
INSERT INTO Transactions VALUES (741, 48, '2023-01-30', 1990.47, 'Income', 1, 'Income - Salary');
INSERT INTO Transactions VALUES (742, 9, '2023-02-13', 6640.35, 'Expense', 5, 'Expense - Rent');
INSERT INTO Transactions VALUES (743, 47, '2023-01-24', 7515.18, 'Expense', 3, 'Expense - Utilities');
INSERT INTO Transactions VALUES (744, 8, '2023-04-13', 8064.98, 'Expense', 5, 'Expense - Rent');
INSERT INTO Transactions VALUES (745, 25, '2023-05-03', 16017.99, 'Income', 2, 'Income - Grocery');
INSERT INTO Transactions VALUES (746, 9, '2023-01-16', 19633.23, 'Income', 2, 'Income - Grocery');
INSERT INTO Transactions VALUES (747, 27, '2023-05-04', 16065.07, 'Expense', 3, 'Expense - Utilities');
INSERT INTO Transactions VALUES (748, 40, '2023-04-08', 15605.37, 'Income', 3, 'Income - Utilities');
INSERT INTO Transactions VALUES (749, 31, '2023-05-05', 2347.46, 'Expense', 8, 'Expense - Fuel');
INSERT INTO Transactions VALUES (750, 3, '2023-01-17', 5306.1, 'Expense', 1, 'Expense - Salary');
INSERT INTO Transactions VALUES (751, 46, '2023-05-15', 15373.82, 'Income', 6, 'Income - Loan Payment');
INSERT INTO Transactions VALUES (752, 34, '2023-05-14', 13796.01, 'Income', 7, 'Income - Dining');
INSERT INTO Transactions VALUES (753, 43, '2023-03-05', 9690.4, 'Expense', 3, 'Expense - Utilities');
INSERT INTO Transactions VALUES (754, 36, '2023-01-14', 331.73, 'Income', 8, 'Income - Fuel');
INSERT INTO Transactions VALUES (755, 32, '2023-02-12', 1589.82, 'Expense', 6, 'Expense - Loan Payment');
INSERT INTO Transactions VALUES (756, 16, '2023-03-26', 19405.89, 'Income', 4, 'Income - Entertainment');
INSERT INTO Transactions VALUES (757, 36, '2023-04-07', 8125.21, 'Income', 2, 'Income - Grocery');
INSERT INTO Transactions VALUES (758, 30, '2023-04-24', 16045.1, 'Expense', 2, 'Expense - Grocery');
INSERT INTO Transactions VALUES (759, 32, '2023-04-25', 6389.62, 'Expense', 1, 'Expense - Salary');
INSERT INTO Transactions VALUES (760, 7, '2023-04-14', 8305.54, 'Income', 2, 'Income - Grocery');
INSERT INTO Transactions VALUES (761, 39, '2023-03-19', 17813.21, 'Income', 8, 'Income - Fuel');
INSERT INTO Transactions VALUES (762, 22, '2023-04-04', 16523.69, 'Income', 8, 'Income - Fuel');
INSERT INTO Transactions VALUES (763, 22, '2023-05-24', 15371.59, 'Expense', 6, 'Expense - Loan Payment');
INSERT INTO Transactions VALUES (764, 46, '2023-04-26', 2369.06, 'Income', 1, 'Income - Salary');
INSERT INTO Transactions VALUES (765, 22, '2023-04-01', 16614.69, 'Expense', 6, 'Expense - Loan Payment');
INSERT INTO Transactions VALUES (766, 45, '2023-01-28', 1010.98, 'Income', 8, 'Income - Fuel');
INSERT INTO Transactions VALUES (767, 9, '2023-04-15', 2228.53, 'Income', 4, 'Income - Entertainment');
INSERT INTO Transactions VALUES (768, 8, '2023-04-11', 4390.23, 'Income', 6, 'Income - Loan Payment');
INSERT INTO Transactions VALUES (769, 7, '2023-04-17', 1025.36, 'Income', 8, 'Income - Fuel');
INSERT INTO Transactions VALUES (770, 30, '2023-05-31', 19128.19, 'Income', 8, 'Income - Fuel');
INSERT INTO Transactions VALUES (771, 1, '2023-05-16', 14750.66, 'Expense', 8, 'Expense - Fuel');
INSERT INTO Transactions VALUES (772, 33, '2023-02-15', 13867.17, 'Income', 3, 'Income - Utilities');
INSERT INTO Transactions VALUES (773, 7, '2023-04-10', 13184.68, 'Expense', 7, 'Expense - Dining');
INSERT INTO Transactions VALUES (774, 27, '2023-03-05', 5544.56, 'Expense', 5, 'Expense - Rent');
INSERT INTO Transactions VALUES (775, 29, '2023-02-04', 2849.78, 'Expense', 6, 'Expense - Loan Payment');
INSERT INTO Transactions VALUES (776, 46, '2023-05-22', 12688.41, 'Income', 4, 'Income - Entertainment');
INSERT INTO Transactions VALUES (777, 40, '2023-03-16', 13763.56, 'Income', 3, 'Income - Utilities');
INSERT INTO Transactions VALUES (778, 33, '2023-05-19', 13916.81, 'Expense', 2, 'Expense - Grocery');
INSERT INTO Transactions VALUES (779, 49, '2023-04-01', 11289.38, 'Expense', 5, 'Expense - Rent');
INSERT INTO Transactions VALUES (780, 28, '2023-01-04', 10502.33, 'Income', 7, 'Income - Dining');
INSERT INTO Transactions VALUES (781, 10, '2023-01-14', 13438.06, 'Income', 5, 'Income - Rent');
INSERT INTO Transactions VALUES (782, 49, '2023-02-11', 19672.29, 'Expense', 3, 'Expense - Utilities');
INSERT INTO Transactions VALUES (783, 4, '2023-03-17', 4159.62, 'Income', 6, 'Income - Loan Payment');
INSERT INTO Transactions VALUES (784, 29, '2023-01-27', 12360.57, 'Income', 7, 'Income - Dining');
INSERT INTO Transactions VALUES (785, 16, '2023-05-11', 15707.71, 'Expense', 1, 'Expense - Salary');
INSERT INTO Transactions VALUES (786, 25, '2023-04-10', 8389.67, 'Expense', 1, 'Expense - Salary');
INSERT INTO Transactions VALUES (787, 1, '2023-03-06', 4141.44, 'Expense', 4, 'Expense - Entertainment');
INSERT INTO Transactions VALUES (788, 41, '2023-04-05', 15126.64, 'Income', 4, 'Income - Entertainment');
INSERT INTO Transactions VALUES (789, 19, '2023-04-25', 3630.78, 'Income', 3, 'Income - Utilities');
INSERT INTO Transactions VALUES (790, 12, '2023-05-12', 2475.14, 'Income', 7, 'Income - Dining');
INSERT INTO Transactions VALUES (791, 18, '2023-05-23', 5358.37, 'Income', 5, 'Income - Rent');
INSERT INTO Transactions VALUES (792, 1, '2023-03-26', 9379.99, 'Income', 1, 'Income - Salary');
INSERT INTO Transactions VALUES (793, 10, '2023-03-24', 11977.92, 'Expense', 8, 'Expense - Fuel');
INSERT INTO Transactions VALUES (794, 37, '2023-05-21', 7225.9, 'Expense', 4, 'Expense - Entertainment');
INSERT INTO Transactions VALUES (795, 12, '2023-05-14', 1456.71, 'Income', 7, 'Income - Dining');
INSERT INTO Transactions VALUES (796, 35, '2023-05-18', 8128.0, 'Expense', 4, 'Expense - Entertainment');
INSERT INTO Transactions VALUES (797, 14, '2023-03-26', 6688.22, 'Expense', 4, 'Expense - Entertainment');
INSERT INTO Transactions VALUES (798, 49, '2023-05-16', 9549.66, 'Income', 2, 'Income - Grocery');
INSERT INTO Transactions VALUES (799, 43, '2023-03-30', 8968.78, 'Income', 1, 'Income - Salary');
INSERT INTO Transactions VALUES (800, 44, '2023-03-24', 7689.31, 'Income', 7, 'Income - Dining');
INSERT INTO Transactions VALUES (801, 17, '2023-05-19', 14507.11, 'Income', 6, 'Income - Loan Payment');
INSERT INTO Transactions VALUES (802, 33, '2023-05-11', 8966.58, 'Income', 5, 'Income - Rent');
INSERT INTO Transactions VALUES (803, 42, '2023-02-19', 6474.22, 'Income', 2, 'Income - Grocery');
INSERT INTO Transactions VALUES (804, 11, '2023-05-18', 10710.8, 'Income', 4, 'Income - Entertainment');
INSERT INTO Transactions VALUES (805, 43, '2023-02-24', 17312.52, 'Expense', 2, 'Expense - Grocery');
INSERT INTO Transactions VALUES (806, 14, '2023-05-18', 16592.1, 'Expense', 2, 'Expense - Grocery');
INSERT INTO Transactions VALUES (807, 48, '2023-02-09', 572.68, 'Expense', 1, 'Expense - Salary');
INSERT INTO Transactions VALUES (808, 6, '2023-01-19', 1179.93, 'Expense', 2, 'Expense - Grocery');
INSERT INTO Transactions VALUES (809, 37, '2023-02-28', 18228.63, 'Expense', 7, 'Expense - Dining');
INSERT INTO Transactions VALUES (810, 29, '2023-04-14', 8717.2, 'Income', 7, 'Income - Dining');
INSERT INTO Transactions VALUES (811, 44, '2023-01-31', 10743.2, 'Income', 1, 'Income - Salary');
INSERT INTO Transactions VALUES (812, 45, '2023-01-19', 7218.23, 'Income', 5, 'Income - Rent');
INSERT INTO Transactions VALUES (813, 44, '2023-03-19', 12170.66, 'Expense', 8, 'Expense - Fuel');
INSERT INTO Transactions VALUES (814, 25, '2023-04-12', 16460.24, 'Income', 8, 'Income - Fuel');
INSERT INTO Transactions VALUES (815, 11, '2023-05-17', 4475.33, 'Expense', 5, 'Expense - Rent');
INSERT INTO Transactions VALUES (816, 41, '2023-02-06', 6031.32, 'Expense', 1, 'Expense - Salary');
INSERT INTO Transactions VALUES (817, 36, '2023-05-23', 2913.34, 'Income', 1, 'Income - Salary');
INSERT INTO Transactions VALUES (818, 37, '2023-04-11', 10789.33, 'Income', 5, 'Income - Rent');
INSERT INTO Transactions VALUES (819, 14, '2023-03-30', 4313.57, 'Income', 3, 'Income - Utilities');
INSERT INTO Transactions VALUES (820, 12, '2023-02-26', 12376.01, 'Expense', 4, 'Expense - Entertainment');
INSERT INTO Transactions VALUES (821, 8, '2023-02-16', 13452.46, 'Income', 8, 'Income - Fuel');
INSERT INTO Transactions VALUES (822, 42, '2023-05-21', 1555.58, 'Income', 5, 'Income - Rent');
INSERT INTO Transactions VALUES (823, 7, '2023-02-20', 14539.23, 'Expense', 6, 'Expense - Loan Payment');
INSERT INTO Transactions VALUES (824, 23, '2023-02-02', 13458.78, 'Income', 2, 'Income - Grocery');
INSERT INTO Transactions VALUES (825, 19, '2023-01-18', 18012.36, 'Expense', 8, 'Expense - Fuel');
INSERT INTO Transactions VALUES (826, 29, '2023-03-26', 12365.21, 'Expense', 3, 'Expense - Utilities');
INSERT INTO Transactions VALUES (827, 37, '2023-05-26', 7353.42, 'Expense', 7, 'Expense - Dining');
INSERT INTO Transactions VALUES (828, 11, '2023-01-02', 6332.97, 'Income', 7, 'Income - Dining');
INSERT INTO Transactions VALUES (829, 18, '2023-04-03', 2772.69, 'Expense', 8, 'Expense - Fuel');
INSERT INTO Transactions VALUES (830, 30, '2023-04-25', 7238.96, 'Expense', 8, 'Expense - Fuel');
INSERT INTO Transactions VALUES (831, 36, '2023-01-28', 3597.83, 'Income', 5, 'Income - Rent');
INSERT INTO Transactions VALUES (832, 9, '2023-05-18', 4009.0, 'Income', 2, 'Income - Grocery');
INSERT INTO Transactions VALUES (833, 2, '2023-05-10', 12669.37, 'Expense', 4, 'Expense - Entertainment');
INSERT INTO Transactions VALUES (834, 3, '2023-05-22', 5286.26, 'Expense', 3, 'Expense - Utilities');
INSERT INTO Transactions VALUES (835, 24, '2023-04-11', 4543.8, 'Expense', 3, 'Expense - Utilities');
INSERT INTO Transactions VALUES (836, 30, '2023-05-09', 10257.2, 'Expense', 6, 'Expense - Loan Payment');
INSERT INTO Transactions VALUES (837, 33, '2023-01-03', 13287.3, 'Income', 3, 'Income - Utilities');
INSERT INTO Transactions VALUES (838, 29, '2023-02-10', 3664.99, 'Income', 8, 'Income - Fuel');
INSERT INTO Transactions VALUES (839, 23, '2023-01-11', 4454.5, 'Expense', 4, 'Expense - Entertainment');
INSERT INTO Transactions VALUES (840, 5, '2023-03-09', 7451.76, 'Income', 4, 'Income - Entertainment');
INSERT INTO Transactions VALUES (841, 34, '2023-04-03', 7823.05, 'Expense', 1, 'Expense - Salary');
INSERT INTO Transactions VALUES (842, 3, '2023-03-24', 2154.18, 'Expense', 5, 'Expense - Rent');
INSERT INTO Transactions VALUES (843, 38, '2023-05-20', 11446.19, 'Expense', 7, 'Expense - Dining');
INSERT INTO Transactions VALUES (844, 24, '2023-05-31', 13101.4, 'Income', 5, 'Income - Rent');
INSERT INTO Transactions VALUES (845, 25, '2023-02-27', 10375.8, 'Expense', 6, 'Expense - Loan Payment');
INSERT INTO Transactions VALUES (846, 32, '2023-05-04', 17754.72, 'Income', 3, 'Income - Utilities');
INSERT INTO Transactions VALUES (847, 29, '2023-02-12', 4676.82, 'Expense', 4, 'Expense - Entertainment');
INSERT INTO Transactions VALUES (848, 10, '2023-02-17', 3231.41, 'Income', 4, 'Income - Entertainment');
INSERT INTO Transactions VALUES (849, 27, '2023-03-26', 14433.09, 'Expense', 8, 'Expense - Fuel');
INSERT INTO Transactions VALUES (850, 31, '2023-02-23', 11856.74, 'Expense', 1, 'Expense - Salary');
INSERT INTO Transactions VALUES (851, 16, '2023-01-12', 2644.91, 'Income', 3, 'Income - Utilities');
INSERT INTO Transactions VALUES (852, 41, '2023-05-12', 879.9, 'Income', 1, 'Income - Salary');
INSERT INTO Transactions VALUES (853, 11, '2023-03-08', 18456.69, 'Expense', 1, 'Expense - Salary');
INSERT INTO Transactions VALUES (854, 47, '2023-03-14', 18950.35, 'Income', 8, 'Income - Fuel');
INSERT INTO Transactions VALUES (855, 39, '2023-05-01', 17359.32, 'Income', 4, 'Income - Entertainment');
INSERT INTO Transactions VALUES (856, 27, '2023-02-06', 15912.86, 'Income', 5, 'Income - Rent');
INSERT INTO Transactions VALUES (857, 11, '2023-03-29', 18454.8, 'Income', 4, 'Income - Entertainment');
INSERT INTO Transactions VALUES (858, 25, '2023-04-09', 2731.04, 'Income', 4, 'Income - Entertainment');
INSERT INTO Transactions VALUES (859, 34, '2023-05-10', 13718.92, 'Income', 2, 'Income - Grocery');
INSERT INTO Transactions VALUES (860, 12, '2023-05-02', 18042.0, 'Income', 2, 'Income - Grocery');
INSERT INTO Transactions VALUES (861, 6, '2023-05-04', 13221.91, 'Income', 7, 'Income - Dining');
INSERT INTO Transactions VALUES (862, 34, '2023-04-18', 7470.51, 'Income', 7, 'Income - Dining');
INSERT INTO Transactions VALUES (863, 15, '2023-05-04', 15812.16, 'Expense', 6, 'Expense - Loan Payment');
INSERT INTO Transactions VALUES (864, 38, '2023-05-28', 2044.57, 'Income', 5, 'Income - Rent');
INSERT INTO Transactions VALUES (865, 31, '2023-03-01', 18210.7, 'Income', 5, 'Income - Rent');
INSERT INTO Transactions VALUES (866, 39, '2023-05-20', 8232.07, 'Income', 1, 'Income - Salary');
INSERT INTO Transactions VALUES (867, 46, '2023-01-02', 11601.94, 'Income', 1, 'Income - Salary');
INSERT INTO Transactions VALUES (868, 25, '2023-02-22', 13786.56, 'Expense', 7, 'Expense - Dining');
INSERT INTO Transactions VALUES (869, 24, '2023-01-28', 3180.09, 'Expense', 5, 'Expense - Rent');
INSERT INTO Transactions VALUES (870, 35, '2023-04-19', 11336.94, 'Expense', 7, 'Expense - Dining');
INSERT INTO Transactions VALUES (871, 49, '2023-02-22', 8323.24, 'Expense', 3, 'Expense - Utilities');
INSERT INTO Transactions VALUES (872, 24, '2023-05-24', 11142.74, 'Expense', 5, 'Expense - Rent');
INSERT INTO Transactions VALUES (873, 37, '2023-03-30', 15506.47, 'Expense', 3, 'Expense - Utilities');
INSERT INTO Transactions VALUES (874, 43, '2023-01-31', 14981.5, 'Expense', 3, 'Expense - Utilities');
INSERT INTO Transactions VALUES (875, 7, '2023-02-24', 10216.04, 'Expense', 1, 'Expense - Salary');
INSERT INTO Transactions VALUES (876, 11, '2023-04-10', 19294.95, 'Income', 2, 'Income - Grocery');
INSERT INTO Transactions VALUES (877, 10, '2023-05-01', 18524.65, 'Expense', 2, 'Expense - Grocery');
INSERT INTO Transactions VALUES (878, 5, '2023-03-09', 4513.23, 'Income', 1, 'Income - Salary');
INSERT INTO Transactions VALUES (879, 47, '2023-04-09', 18620.63, 'Expense', 5, 'Expense - Rent');
INSERT INTO Transactions VALUES (880, 46, '2023-01-15', 18919.75, 'Income', 8, 'Income - Fuel');
INSERT INTO Transactions VALUES (881, 29, '2023-01-03', 4113.97, 'Expense', 4, 'Expense - Entertainment');
INSERT INTO Transactions VALUES (882, 3, '2023-05-11', 10364.69, 'Income', 3, 'Income - Utilities');
INSERT INTO Transactions VALUES (883, 44, '2023-01-10', 7258.83, 'Income', 3, 'Income - Utilities');
INSERT INTO Transactions VALUES (884, 6, '2023-03-12', 15615.49, 'Expense', 7, 'Expense - Dining');
INSERT INTO Transactions VALUES (885, 26, '2023-05-31', 4086.18, 'Income', 2, 'Income - Grocery');
INSERT INTO Transactions VALUES (886, 6, '2023-05-21', 5761.43, 'Expense', 6, 'Expense - Loan Payment');
INSERT INTO Transactions VALUES (887, 18, '2023-02-27', 12166.63, 'Income', 8, 'Income - Fuel');
INSERT INTO Transactions VALUES (888, 26, '2023-05-28', 192.56, 'Income', 7, 'Income - Dining');
INSERT INTO Transactions VALUES (889, 33, '2023-01-28', 11216.75, 'Expense', 6, 'Expense - Loan Payment');
INSERT INTO Transactions VALUES (890, 8, '2023-05-12', 19138.52, 'Expense', 8, 'Expense - Fuel');
INSERT INTO Transactions VALUES (891, 25, '2023-05-25', 9724.23, 'Income', 6, 'Income - Loan Payment');
INSERT INTO Transactions VALUES (892, 50, '2023-04-28', 13663.73, 'Income', 8, 'Income - Fuel');
INSERT INTO Transactions VALUES (893, 8, '2023-03-08', 1444.33, 'Income', 4, 'Income - Entertainment');
INSERT INTO Transactions VALUES (894, 21, '2023-04-16', 19113.37, 'Income', 5, 'Income - Rent');
INSERT INTO Transactions VALUES (895, 16, '2023-03-15', 1950.89, 'Expense', 2, 'Expense - Grocery');
INSERT INTO Transactions VALUES (896, 36, '2023-02-15', 9583.45, 'Expense', 4, 'Expense - Entertainment');
INSERT INTO Transactions VALUES (897, 37, '2023-03-10', 3737.41, 'Income', 8, 'Income - Fuel');
INSERT INTO Transactions VALUES (898, 48, '2023-02-21', 4773.74, 'Income', 5, 'Income - Rent');
INSERT INTO Transactions VALUES (899, 14, '2023-02-28', 4135.05, 'Income', 6, 'Income - Loan Payment');
INSERT INTO Transactions VALUES (900, 10, '2023-01-28', 2485.58, 'Income', 8, 'Income - Fuel');
INSERT INTO Transactions VALUES (901, 40, '2023-01-02', 15308.46, 'Income', 8, 'Income - Fuel');
INSERT INTO Transactions VALUES (902, 24, '2023-03-22', 9897.57, 'Expense', 8, 'Expense - Fuel');
INSERT INTO Transactions VALUES (903, 12, '2023-05-11', 5677.31, 'Income', 3, 'Income - Utilities');
INSERT INTO Transactions VALUES (904, 4, '2023-05-15', 16005.47, 'Expense', 1, 'Expense - Salary');
INSERT INTO Transactions VALUES (905, 33, '2023-03-30', 7934.97, 'Income', 8, 'Income - Fuel');
INSERT INTO Transactions VALUES (906, 8, '2023-05-13', 9255.4, 'Income', 1, 'Income - Salary');
INSERT INTO Transactions VALUES (907, 44, '2023-02-23', 7650.62, 'Income', 6, 'Income - Loan Payment');
INSERT INTO Transactions VALUES (908, 24, '2023-03-08', 3824.33, 'Expense', 4, 'Expense - Entertainment');
INSERT INTO Transactions VALUES (909, 18, '2023-05-01', 19174.68, 'Expense', 6, 'Expense - Loan Payment');
INSERT INTO Transactions VALUES (910, 12, '2023-05-08', 8536.46, 'Expense', 6, 'Expense - Loan Payment');
INSERT INTO Transactions VALUES (911, 24, '2023-04-13', 5664.63, 'Income', 3, 'Income - Utilities');
INSERT INTO Transactions VALUES (912, 37, '2023-02-28', 16302.39, 'Expense', 4, 'Expense - Entertainment');
INSERT INTO Transactions VALUES (913, 36, '2023-04-21', 17140.54, 'Income', 3, 'Income - Utilities');
INSERT INTO Transactions VALUES (914, 48, '2023-02-08', 9512.44, 'Income', 3, 'Income - Utilities');
INSERT INTO Transactions VALUES (915, 27, '2023-05-08', 2775.99, 'Expense', 8, 'Expense - Fuel');
INSERT INTO Transactions VALUES (916, 20, '2023-03-06', 11286.56, 'Income', 7, 'Income - Dining');
INSERT INTO Transactions VALUES (917, 7, '2023-02-11', 1294.72, 'Expense', 8, 'Expense - Fuel');
INSERT INTO Transactions VALUES (918, 41, '2023-01-25', 9052.11, 'Expense', 5, 'Expense - Rent');
INSERT INTO Transactions VALUES (919, 24, '2023-04-03', 11250.97, 'Expense', 6, 'Expense - Loan Payment');
INSERT INTO Transactions VALUES (920, 2, '2023-04-16', 2512.63, 'Income', 3, 'Income - Utilities');
INSERT INTO Transactions VALUES (921, 50, '2023-03-14', 7166.67, 'Expense', 8, 'Expense - Fuel');
INSERT INTO Transactions VALUES (922, 6, '2023-04-08', 12311.91, 'Expense', 3, 'Expense - Utilities');
INSERT INTO Transactions VALUES (923, 11, '2023-03-28', 8494.15, 'Expense', 2, 'Expense - Grocery');
INSERT INTO Transactions VALUES (924, 6, '2023-02-11', 6938.15, 'Expense', 6, 'Expense - Loan Payment');
INSERT INTO Transactions VALUES (925, 42, '2023-03-16', 14237.63, 'Expense', 5, 'Expense - Rent');
INSERT INTO Transactions VALUES (926, 29, '2023-04-03', 14983.12, 'Expense', 7, 'Expense - Dining');
INSERT INTO Transactions VALUES (927, 11, '2023-02-17', 17098.82, 'Income', 4, 'Income - Entertainment');
INSERT INTO Transactions VALUES (928, 43, '2023-03-06', 18814.7, 'Income', 4, 'Income - Entertainment');
INSERT INTO Transactions VALUES (929, 11, '2023-04-12', 2149.89, 'Income', 8, 'Income - Fuel');
INSERT INTO Transactions VALUES (930, 36, '2023-01-14', 624.66, 'Expense', 2, 'Expense - Grocery');
INSERT INTO Transactions VALUES (931, 7, '2023-03-09', 12400.23, 'Income', 7, 'Income - Dining');
INSERT INTO Transactions VALUES (932, 20, '2023-02-28', 5023.19, 'Expense', 8, 'Expense - Fuel');
INSERT INTO Transactions VALUES (933, 41, '2023-02-02', 2712.41, 'Income', 1, 'Income - Salary');
INSERT INTO Transactions VALUES (934, 3, '2023-04-02', 17221.34, 'Expense', 8, 'Expense - Fuel');
INSERT INTO Transactions VALUES (935, 30, '2023-05-19', 18703.67, 'Expense', 3, 'Expense - Utilities');
INSERT INTO Transactions VALUES (936, 45, '2023-05-19', 3623.03, 'Expense', 7, 'Expense - Dining');
INSERT INTO Transactions VALUES (937, 34, '2023-05-17', 6262.26, 'Expense', 8, 'Expense - Fuel');
INSERT INTO Transactions VALUES (938, 35, '2023-02-28', 16113.68, 'Expense', 5, 'Expense - Rent');
INSERT INTO Transactions VALUES (939, 24, '2023-04-16', 5270.16, 'Expense', 1, 'Expense - Salary');
INSERT INTO Transactions VALUES (940, 1, '2023-05-14', 16326.06, 'Income', 6, 'Income - Loan Payment');
INSERT INTO Transactions VALUES (941, 19, '2023-05-01', 10748.47, 'Expense', 8, 'Expense - Fuel');
INSERT INTO Transactions VALUES (942, 20, '2023-01-03', 15340.8, 'Expense', 4, 'Expense - Entertainment');
INSERT INTO Transactions VALUES (943, 1, '2023-05-21', 7535.51, 'Expense', 7, 'Expense - Dining');
INSERT INTO Transactions VALUES (944, 26, '2023-03-05', 3349.06, 'Expense', 7, 'Expense - Dining');
INSERT INTO Transactions VALUES (945, 15, '2023-03-09', 1676.27, 'Income', 5, 'Income - Rent');
INSERT INTO Transactions VALUES (946, 19, '2023-05-17', 16195.29, 'Expense', 4, 'Expense - Entertainment');
INSERT INTO Transactions VALUES (947, 5, '2023-02-16', 2818.82, 'Income', 8, 'Income - Fuel');
INSERT INTO Transactions VALUES (948, 40, '2023-04-26', 5515.47, 'Expense', 4, 'Expense - Entertainment');
INSERT INTO Transactions VALUES (949, 21, '2023-01-05', 3127.77, 'Income', 3, 'Income - Utilities');
INSERT INTO Transactions VALUES (950, 7, '2023-03-14', 5456.98, 'Expense', 1, 'Expense - Salary');
INSERT INTO Transactions VALUES (951, 15, '2023-01-24', 3098.61, 'Expense', 4, 'Expense - Entertainment');
INSERT INTO Transactions VALUES (952, 22, '2023-04-18', 6300.38, 'Expense', 6, 'Expense - Loan Payment');
INSERT INTO Transactions VALUES (953, 30, '2023-01-09', 6671.95, 'Income', 1, 'Income - Salary');
INSERT INTO Transactions VALUES (954, 18, '2023-04-11', 1520.56, 'Expense', 3, 'Expense - Utilities');
INSERT INTO Transactions VALUES (955, 13, '2023-03-06', 16363.29, 'Income', 2, 'Income - Grocery');
INSERT INTO Transactions VALUES (956, 50, '2023-03-05', 7757.48, 'Expense', 4, 'Expense - Entertainment');
INSERT INTO Transactions VALUES (957, 48, '2023-01-09', 4063.68, 'Income', 4, 'Income - Entertainment');
INSERT INTO Transactions VALUES (958, 31, '2023-04-10', 13660.7, 'Expense', 6, 'Expense - Loan Payment');
INSERT INTO Transactions VALUES (959, 11, '2023-01-11', 14920.02, 'Income', 5, 'Income - Rent');
INSERT INTO Transactions VALUES (960, 31, '2023-03-18', 4054.6, 'Income', 4, 'Income - Entertainment');
INSERT INTO Transactions VALUES (961, 8, '2023-03-02', 12694.89, 'Expense', 1, 'Expense - Salary');
INSERT INTO Transactions VALUES (962, 11, '2023-03-12', 11735.47, 'Expense', 4, 'Expense - Entertainment');
INSERT INTO Transactions VALUES (963, 1, '2023-01-11', 11663.43, 'Expense', 3, 'Expense - Utilities');
INSERT INTO Transactions VALUES (964, 24, '2023-01-23', 5049.57, 'Expense', 2, 'Expense - Grocery');
INSERT INTO Transactions VALUES (965, 44, '2023-03-28', 18623.89, 'Income', 1, 'Income - Salary');
INSERT INTO Transactions VALUES (966, 23, '2023-02-09', 14056.43, 'Income', 3, 'Income - Utilities');
INSERT INTO Transactions VALUES (967, 32, '2023-03-01', 6403.12, 'Expense', 8, 'Expense - Fuel');
INSERT INTO Transactions VALUES (968, 47, '2023-02-19', 524.92, 'Expense', 6, 'Expense - Loan Payment');
INSERT INTO Transactions VALUES (969, 47, '2023-02-04', 5088.86, 'Income', 8, 'Income - Fuel');
INSERT INTO Transactions VALUES (970, 46, '2023-04-23', 11224.59, 'Expense', 4, 'Expense - Entertainment');
INSERT INTO Transactions VALUES (971, 37, '2023-02-17', 10918.05, 'Expense', 8, 'Expense - Fuel');
INSERT INTO Transactions VALUES (972, 18, '2023-05-22', 3290.83, 'Income', 8, 'Income - Fuel');
INSERT INTO Transactions VALUES (973, 19, '2023-03-09', 10877.96, 'Expense', 1, 'Expense - Salary');
INSERT INTO Transactions VALUES (974, 50, '2023-05-10', 7642.97, 'Income', 1, 'Income - Salary');
INSERT INTO Transactions VALUES (975, 40, '2023-04-04', 15542.73, 'Income', 6, 'Income - Loan Payment');
INSERT INTO Transactions VALUES (976, 47, '2023-01-17', 13199.96, 'Expense', 4, 'Expense - Entertainment');
INSERT INTO Transactions VALUES (977, 34, '2023-05-08', 15338.11, 'Income', 5, 'Income - Rent');
INSERT INTO Transactions VALUES (978, 21, '2023-04-15', 12853.99, 'Income', 2, 'Income - Grocery');
INSERT INTO Transactions VALUES (979, 34, '2023-01-18', 971.17, 'Income', 3, 'Income - Utilities');
INSERT INTO Transactions VALUES (980, 3, '2023-02-21', 2230.4, 'Income', 2, 'Income - Grocery');
INSERT INTO Transactions VALUES (981, 3, '2023-05-27', 12870.86, 'Expense', 8, 'Expense - Fuel');
INSERT INTO Transactions VALUES (982, 34, '2023-03-07', 1076.8, 'Income', 2, 'Income - Grocery');
INSERT INTO Transactions VALUES (983, 1, '2023-02-23', 13149.41, 'Income', 8, 'Income - Fuel');
INSERT INTO Transactions VALUES (984, 41, '2023-01-16', 7282.43, 'Expense', 6, 'Expense - Loan Payment');
INSERT INTO Transactions VALUES (985, 46, '2023-01-15', 16490.5, 'Expense', 1, 'Expense - Salary');
INSERT INTO Transactions VALUES (986, 47, '2023-01-19', 16705.68, 'Income', 4, 'Income - Entertainment');
INSERT INTO Transactions VALUES (987, 34, '2023-01-25', 2114.38, 'Income', 7, 'Income - Dining');
INSERT INTO Transactions VALUES (988, 13, '2023-02-19', 10571.22, 'Income', 3, 'Income - Utilities');
INSERT INTO Transactions VALUES (989, 36, '2023-05-23', 8362.17, 'Income', 6, 'Income - Loan Payment');
INSERT INTO Transactions VALUES (990, 44, '2023-04-28', 14080.75, 'Expense', 2, 'Expense - Grocery');
INSERT INTO Transactions VALUES (991, 11, '2023-02-16', 11044.31, 'Expense', 3, 'Expense - Utilities');
INSERT INTO Transactions VALUES (992, 35, '2023-04-24', 18677.05, 'Expense', 6, 'Expense - Loan Payment');
INSERT INTO Transactions VALUES (993, 24, '2023-04-16', 15307.27, 'Expense', 6, 'Expense - Loan Payment');
INSERT INTO Transactions VALUES (994, 39, '2023-03-03', 11306.58, 'Income', 7, 'Income - Dining');
INSERT INTO Transactions VALUES (995, 50, '2023-05-21', 18530.32, 'Expense', 6, 'Expense - Loan Payment');
INSERT INTO Transactions VALUES (996, 29, '2023-04-25', 19200.51, 'Income', 1, 'Income - Salary');
INSERT INTO Transactions VALUES (997, 19, '2023-01-05', 10400.43, 'Expense', 1, 'Expense - Salary');
INSERT INTO Transactions VALUES (998, 20, '2023-02-26', 4374.97, 'Expense', 1, 'Expense - Salary');
INSERT INTO Transactions VALUES (999, 50, '2023-03-12', 18390.33, 'Income', 2, 'Income - Grocery');
INSERT INTO Transactions VALUES (1000, 3, '2023-04-28', 7177.55, 'Income', 5, 'Income - Rent');

-- Insert into MonthlyBudgets
INSERT INTO MonthlyBudgets VALUES (1, '2023-01-01', 10506.24);
INSERT INTO MonthlyBudgets VALUES (1, '2023-01-31', 13732.34);
INSERT INTO MonthlyBudgets VALUES (1, '2023-03-02', 8494.91);
INSERT INTO MonthlyBudgets VALUES (1, '2023-04-01', 17166.11);
INSERT INTO MonthlyBudgets VALUES (2, '2023-01-01', 6378.58);
INSERT INTO MonthlyBudgets VALUES (2, '2023-01-31', 10996.97);
INSERT INTO MonthlyBudgets VALUES (2, '2023-03-02', 18768.23);
INSERT INTO MonthlyBudgets VALUES (2, '2023-04-01', 16013.99);
INSERT INTO MonthlyBudgets VALUES (3, '2023-01-01', 15853.71);
INSERT INTO MonthlyBudgets VALUES (3, '2023-01-31', 16893.56);
INSERT INTO MonthlyBudgets VALUES (3, '2023-03-02', 7593.54);
INSERT INTO MonthlyBudgets VALUES (3, '2023-04-01', 17385.58);
INSERT INTO MonthlyBudgets VALUES (4, '2023-01-01', 15343.93);
INSERT INTO MonthlyBudgets VALUES (4, '2023-01-31', 13643.49);
INSERT INTO MonthlyBudgets VALUES (4, '2023-03-02', 18614.83);
INSERT INTO MonthlyBudgets VALUES (4, '2023-04-01', 13928.47);
INSERT INTO MonthlyBudgets VALUES (5, '2023-01-01', 9505.9);
INSERT INTO MonthlyBudgets VALUES (5, '2023-01-31', 15961.84);
INSERT INTO MonthlyBudgets VALUES (5, '2023-03-02', 13644.26);
INSERT INTO MonthlyBudgets VALUES (5, '2023-04-01', 6177.16);
INSERT INTO MonthlyBudgets VALUES (6, '2023-01-01', 5838.84);
INSERT INTO MonthlyBudgets VALUES (6, '2023-01-31', 16563.52);
INSERT INTO MonthlyBudgets VALUES (6, '2023-03-02', 10218.95);
INSERT INTO MonthlyBudgets VALUES (6, '2023-04-01', 17257.13);
INSERT INTO MonthlyBudgets VALUES (7, '2023-01-01', 11247.83);
INSERT INTO MonthlyBudgets VALUES (7, '2023-01-31', 18017.47);
INSERT INTO MonthlyBudgets VALUES (7, '2023-03-02', 18046.8);
INSERT INTO MonthlyBudgets VALUES (7, '2023-04-01', 8400.77);
INSERT INTO MonthlyBudgets VALUES (8, '2023-01-01', 14791.69);
INSERT INTO MonthlyBudgets VALUES (8, '2023-01-31', 14034.52);
INSERT INTO MonthlyBudgets VALUES (8, '2023-03-02', 5171.52);
INSERT INTO MonthlyBudgets VALUES (8, '2023-04-01', 16661.28);
INSERT INTO MonthlyBudgets VALUES (9, '2023-01-01', 10737.3);
INSERT INTO MonthlyBudgets VALUES (9, '2023-01-31', 9571.75);
INSERT INTO MonthlyBudgets VALUES (9, '2023-03-02', 5617.73);
INSERT INTO MonthlyBudgets VALUES (9, '2023-04-01', 13098.95);
INSERT INTO MonthlyBudgets VALUES (10, '2023-01-01', 7243.7);
INSERT INTO MonthlyBudgets VALUES (10, '2023-01-31', 12536.02);
INSERT INTO MonthlyBudgets VALUES (10, '2023-03-02', 8311.96);
INSERT INTO MonthlyBudgets VALUES (10, '2023-04-01', 5757.8);
INSERT INTO MonthlyBudgets VALUES (11, '2023-01-01', 15973.68);
INSERT INTO MonthlyBudgets VALUES (11, '2023-01-31', 10893.24);
INSERT INTO MonthlyBudgets VALUES (11, '2023-03-02', 11684.24);
INSERT INTO MonthlyBudgets VALUES (11, '2023-04-01', 13926.98);
INSERT INTO MonthlyBudgets VALUES (12, '2023-01-01', 12570.94);
INSERT INTO MonthlyBudgets VALUES (12, '2023-01-31', 8331.28);
INSERT INTO MonthlyBudgets VALUES (12, '2023-03-02', 9346.75);
INSERT INTO MonthlyBudgets VALUES (12, '2023-04-01', 10914.84);
INSERT INTO MonthlyBudgets VALUES (13, '2023-01-01', 6982.84);
INSERT INTO MonthlyBudgets VALUES (13, '2023-01-31', 6238.18);
INSERT INTO MonthlyBudgets VALUES (13, '2023-03-02', 13571.61);
INSERT INTO MonthlyBudgets VALUES (13, '2023-04-01', 5739.67);
INSERT INTO MonthlyBudgets VALUES (14, '2023-01-01', 10987.87);
INSERT INTO MonthlyBudgets VALUES (14, '2023-01-31', 6276.18);
INSERT INTO MonthlyBudgets VALUES (14, '2023-03-02', 12527.35);
INSERT INTO MonthlyBudgets VALUES (14, '2023-04-01', 16607.38);
INSERT INTO MonthlyBudgets VALUES (15, '2023-01-01', 6955.63);
INSERT INTO MonthlyBudgets VALUES (15, '2023-01-31', 7023.06);
INSERT INTO MonthlyBudgets VALUES (15, '2023-03-02', 13389.44);
INSERT INTO MonthlyBudgets VALUES (15, '2023-04-01', 12317.92);
INSERT INTO MonthlyBudgets VALUES (16, '2023-01-01', 14783.73);
INSERT INTO MonthlyBudgets VALUES (16, '2023-01-31', 7941.49);
INSERT INTO MonthlyBudgets VALUES (16, '2023-03-02', 14239.95);
INSERT INTO MonthlyBudgets VALUES (16, '2023-04-01', 16035.02);
INSERT INTO MonthlyBudgets VALUES (17, '2023-01-01', 8693.69);
INSERT INTO MonthlyBudgets VALUES (17, '2023-01-31', 6074.66);
INSERT INTO MonthlyBudgets VALUES (17, '2023-03-02', 16651.58);
INSERT INTO MonthlyBudgets VALUES (17, '2023-04-01', 9851.17);
INSERT INTO MonthlyBudgets VALUES (18, '2023-01-01', 18862.07);
INSERT INTO MonthlyBudgets VALUES (18, '2023-01-31', 6343.92);
INSERT INTO MonthlyBudgets VALUES (18, '2023-03-02', 15076.21);
INSERT INTO MonthlyBudgets VALUES (18, '2023-04-01', 11353.11);
INSERT INTO MonthlyBudgets VALUES (19, '2023-01-01', 10224.62);
INSERT INTO MonthlyBudgets VALUES (19, '2023-01-31', 9811.08);
INSERT INTO MonthlyBudgets VALUES (19, '2023-03-02', 13908.16);
INSERT INTO MonthlyBudgets VALUES (19, '2023-04-01', 5363.1);
INSERT INTO MonthlyBudgets VALUES (20, '2023-01-01', 9572.28);
INSERT INTO MonthlyBudgets VALUES (20, '2023-01-31', 19814.78);
INSERT INTO MonthlyBudgets VALUES (20, '2023-03-02', 14243.31);
INSERT INTO MonthlyBudgets VALUES (20, '2023-04-01', 19852.39);
INSERT INTO MonthlyBudgets VALUES (21, '2023-01-01', 11633.15);
INSERT INTO MonthlyBudgets VALUES (21, '2023-01-31', 7187.28);
INSERT INTO MonthlyBudgets VALUES (21, '2023-03-02', 5673.16);
INSERT INTO MonthlyBudgets VALUES (21, '2023-04-01', 17272.58);
INSERT INTO MonthlyBudgets VALUES (22, '2023-01-01', 7995.28);
INSERT INTO MonthlyBudgets VALUES (22, '2023-01-31', 10607.31);
INSERT INTO MonthlyBudgets VALUES (22, '2023-03-02', 16366.01);
INSERT INTO MonthlyBudgets VALUES (22, '2023-04-01', 17791.46);
INSERT INTO MonthlyBudgets VALUES (23, '2023-01-01', 6685.58);
INSERT INTO MonthlyBudgets VALUES (23, '2023-01-31', 5818.07);
INSERT INTO MonthlyBudgets VALUES (23, '2023-03-02', 19234.11);
INSERT INTO MonthlyBudgets VALUES (23, '2023-04-01', 18900.95);
INSERT INTO MonthlyBudgets VALUES (24, '2023-01-01', 18031.29);
INSERT INTO MonthlyBudgets VALUES (24, '2023-01-31', 17302.01);
INSERT INTO MonthlyBudgets VALUES (24, '2023-03-02', 5206.0);
INSERT INTO MonthlyBudgets VALUES (24, '2023-04-01', 15406.93);
INSERT INTO MonthlyBudgets VALUES (25, '2023-01-01', 6669.17);
INSERT INTO MonthlyBudgets VALUES (25, '2023-01-31', 11750.92);
INSERT INTO MonthlyBudgets VALUES (25, '2023-03-02', 5341.22);
INSERT INTO MonthlyBudgets VALUES (25, '2023-04-01', 8135.14);
INSERT INTO MonthlyBudgets VALUES (26, '2023-01-01', 13070.08);
INSERT INTO MonthlyBudgets VALUES (26, '2023-01-31', 8057.02);
INSERT INTO MonthlyBudgets VALUES (26, '2023-03-02', 12848.99);
INSERT INTO MonthlyBudgets VALUES (26, '2023-04-01', 8879.87);
INSERT INTO MonthlyBudgets VALUES (27, '2023-01-01', 12245.39);
INSERT INTO MonthlyBudgets VALUES (27, '2023-01-31', 15948.85);
INSERT INTO MonthlyBudgets VALUES (27, '2023-03-02', 7120.21);
INSERT INTO MonthlyBudgets VALUES (27, '2023-04-01', 15481.33);
INSERT INTO MonthlyBudgets VALUES (28, '2023-01-01', 5275.83);
INSERT INTO MonthlyBudgets VALUES (28, '2023-01-31', 13745.07);
INSERT INTO MonthlyBudgets VALUES (28, '2023-03-02', 14952.93);
INSERT INTO MonthlyBudgets VALUES (28, '2023-04-01', 5652.23);
INSERT INTO MonthlyBudgets VALUES (29, '2023-01-01', 7554.79);
INSERT INTO MonthlyBudgets VALUES (29, '2023-01-31', 9260.2);
INSERT INTO MonthlyBudgets VALUES (29, '2023-03-02', 16837.83);
INSERT INTO MonthlyBudgets VALUES (29, '2023-04-01', 14269.47);
INSERT INTO MonthlyBudgets VALUES (30, '2023-01-01', 5796.28);
INSERT INTO MonthlyBudgets VALUES (30, '2023-01-31', 14821.37);
INSERT INTO MonthlyBudgets VALUES (30, '2023-03-02', 5125.01);
INSERT INTO MonthlyBudgets VALUES (30, '2023-04-01', 10829.68);
INSERT INTO MonthlyBudgets VALUES (31, '2023-01-01', 9069.66);
INSERT INTO MonthlyBudgets VALUES (31, '2023-01-31', 17781.24);
INSERT INTO MonthlyBudgets VALUES (31, '2023-03-02', 14901.51);
INSERT INTO MonthlyBudgets VALUES (31, '2023-04-01', 17964.23);
INSERT INTO MonthlyBudgets VALUES (32, '2023-01-01', 5286.17);
INSERT INTO MonthlyBudgets VALUES (32, '2023-01-31', 18011.16);
INSERT INTO MonthlyBudgets VALUES (32, '2023-03-02', 14741.17);
INSERT INTO MonthlyBudgets VALUES (32, '2023-04-01', 8467.53);
INSERT INTO MonthlyBudgets VALUES (33, '2023-01-01', 10710.52);
INSERT INTO MonthlyBudgets VALUES (33, '2023-01-31', 19649.18);
INSERT INTO MonthlyBudgets VALUES (33, '2023-03-02', 6494.06);
INSERT INTO MonthlyBudgets VALUES (33, '2023-04-01', 9731.84);
INSERT INTO MonthlyBudgets VALUES (34, '2023-01-01', 18001.59);
INSERT INTO MonthlyBudgets VALUES (34, '2023-01-31', 12973.41);
INSERT INTO MonthlyBudgets VALUES (34, '2023-03-02', 7796.26);
INSERT INTO MonthlyBudgets VALUES (34, '2023-04-01', 12509.76);
INSERT INTO MonthlyBudgets VALUES (35, '2023-01-01', 11869.79);
INSERT INTO MonthlyBudgets VALUES (35, '2023-01-31', 18895.25);
INSERT INTO MonthlyBudgets VALUES (35, '2023-03-02', 5322.33);
INSERT INTO MonthlyBudgets VALUES (35, '2023-04-01', 8710.88);
INSERT INTO MonthlyBudgets VALUES (36, '2023-01-01', 12941.23);
INSERT INTO MonthlyBudgets VALUES (36, '2023-01-31', 10003.54);
INSERT INTO MonthlyBudgets VALUES (36, '2023-03-02', 10901.0);
INSERT INTO MonthlyBudgets VALUES (36, '2023-04-01', 7355.08);
INSERT INTO MonthlyBudgets VALUES (37, '2023-01-01', 10201.7);
INSERT INTO MonthlyBudgets VALUES (37, '2023-01-31', 10278.7);
INSERT INTO MonthlyBudgets VALUES (37, '2023-03-02', 14378.46);
INSERT INTO MonthlyBudgets VALUES (37, '2023-04-01', 8543.07);
INSERT INTO MonthlyBudgets VALUES (38, '2023-01-01', 19673.66);
INSERT INTO MonthlyBudgets VALUES (38, '2023-01-31', 12518.77);
INSERT INTO MonthlyBudgets VALUES (38, '2023-03-02', 17178.39);
INSERT INTO MonthlyBudgets VALUES (38, '2023-04-01', 14386.89);
INSERT INTO MonthlyBudgets VALUES (39, '2023-01-01', 18180.16);
INSERT INTO MonthlyBudgets VALUES (39, '2023-01-31', 18356.03);
INSERT INTO MonthlyBudgets VALUES (39, '2023-03-02', 17222.88);
INSERT INTO MonthlyBudgets VALUES (39, '2023-04-01', 5441.99);
INSERT INTO MonthlyBudgets VALUES (40, '2023-01-01', 13324.09);
INSERT INTO MonthlyBudgets VALUES (40, '2023-01-31', 9202.91);
INSERT INTO MonthlyBudgets VALUES (40, '2023-03-02', 7275.62);
INSERT INTO MonthlyBudgets VALUES (40, '2023-04-01', 18457.63);
INSERT INTO MonthlyBudgets VALUES (41, '2023-01-01', 14853.98);
INSERT INTO MonthlyBudgets VALUES (41, '2023-01-31', 6316.93);
INSERT INTO MonthlyBudgets VALUES (41, '2023-03-02', 10733.11);
INSERT INTO MonthlyBudgets VALUES (41, '2023-04-01', 19409.09);
INSERT INTO MonthlyBudgets VALUES (42, '2023-01-01', 14186.73);
INSERT INTO MonthlyBudgets VALUES (42, '2023-01-31', 14382.87);
INSERT INTO MonthlyBudgets VALUES (42, '2023-03-02', 8411.42);
INSERT INTO MonthlyBudgets VALUES (42, '2023-04-01', 8605.41);
INSERT INTO MonthlyBudgets VALUES (43, '2023-01-01', 7291.24);
INSERT INTO MonthlyBudgets VALUES (43, '2023-01-31', 19558.06);
INSERT INTO MonthlyBudgets VALUES (43, '2023-03-02', 18646.03);
INSERT INTO MonthlyBudgets VALUES (43, '2023-04-01', 9939.27);
INSERT INTO MonthlyBudgets VALUES (44, '2023-01-01', 13133.51);
INSERT INTO MonthlyBudgets VALUES (44, '2023-01-31', 8101.36);
INSERT INTO MonthlyBudgets VALUES (44, '2023-03-02', 7078.65);
INSERT INTO MonthlyBudgets VALUES (44, '2023-04-01', 13120.31);
INSERT INTO MonthlyBudgets VALUES (45, '2023-01-01', 17001.58);
INSERT INTO MonthlyBudgets VALUES (45, '2023-01-31', 17938.81);
INSERT INTO MonthlyBudgets VALUES (45, '2023-03-02', 9634.98);
INSERT INTO MonthlyBudgets VALUES (45, '2023-04-01', 15577.05);
INSERT INTO MonthlyBudgets VALUES (46, '2023-01-01', 12857.08);
INSERT INTO MonthlyBudgets VALUES (46, '2023-01-31', 7028.79);
INSERT INTO MonthlyBudgets VALUES (46, '2023-03-02', 19935.29);
INSERT INTO MonthlyBudgets VALUES (46, '2023-04-01', 19636.65);
INSERT INTO MonthlyBudgets VALUES (47, '2023-01-01', 7177.29);
INSERT INTO MonthlyBudgets VALUES (47, '2023-01-31', 18995.45);
INSERT INTO MonthlyBudgets VALUES (47, '2023-03-02', 18756.68);
INSERT INTO MonthlyBudgets VALUES (47, '2023-04-01', 9762.44);
INSERT INTO MonthlyBudgets VALUES (48, '2023-01-01', 13360.1);
INSERT INTO MonthlyBudgets VALUES (48, '2023-01-31', 19229.02);
INSERT INTO MonthlyBudgets VALUES (48, '2023-03-02', 6775.81);
INSERT INTO MonthlyBudgets VALUES (48, '2023-04-01', 9763.96);
INSERT INTO MonthlyBudgets VALUES (49, '2023-01-01', 18194.57);
INSERT INTO MonthlyBudgets VALUES (49, '2023-01-31', 15906.19);
INSERT INTO MonthlyBudgets VALUES (49, '2023-03-02', 16481.53);
INSERT INTO MonthlyBudgets VALUES (49, '2023-04-01', 18201.98);
INSERT INTO MonthlyBudgets VALUES (50, '2023-01-01', 11210.6);
INSERT INTO MonthlyBudgets VALUES (50, '2023-01-31', 11168.78);
INSERT INTO MonthlyBudgets VALUES (50, '2023-03-02', 11645.07);
INSERT INTO MonthlyBudgets VALUES (50, '2023-04-01', 19006.53);

-- Insert into Payments
INSERT INTO Payments VALUES (1, 41, 'Fuel Station', 1514.22, '2023-02-18');
INSERT INTO Payments VALUES (2, 7, 'City Power', 1086.78, '2023-03-10');
INSERT INTO Payments VALUES (3, 39, 'Internet Provider', 3139.34, '2023-03-01');
INSERT INTO Payments VALUES (4, 15, 'Fuel Station', 325.21, '2023-01-21');
INSERT INTO Payments VALUES (5, 45, 'Landlord', 843.62, '2023-05-01');
INSERT INTO Payments VALUES (6, 46, 'Fuel Station', 1995.01, '2023-04-10');
INSERT INTO Payments VALUES (7, 32, 'Landlord', 860.06, '2023-02-19');
INSERT INTO Payments VALUES (8, 15, 'Netflix', 2161.23, '2023-01-04');
INSERT INTO Payments VALUES (9, 18, 'Landlord', 1268.26, '2023-02-21');
INSERT INTO Payments VALUES (10, 49, 'City Power', 517.45, '2023-04-23');
INSERT INTO Payments VALUES (11, 40, 'Landlord', 3501.74, '2023-04-28');
INSERT INTO Payments VALUES (12, 16, 'Landlord', 2143.36, '2023-01-11');
INSERT INTO Payments VALUES (13, 39, 'Fuel Station', 4156.78, '2023-03-22');
INSERT INTO Payments VALUES (14, 26, 'Internet Provider', 4707.87, '2023-05-27');
INSERT INTO Payments VALUES (15, 39, 'Internet Provider', 2721.11, '2023-01-10');
INSERT INTO Payments VALUES (16, 34, 'Netflix', 2367.73, '2023-01-11');
INSERT INTO Payments VALUES (17, 16, 'Internet Provider', 2781.77, '2023-01-11');
INSERT INTO Payments VALUES (18, 36, 'Landlord', 2677.41, '2023-01-13');
INSERT INTO Payments VALUES (19, 13, 'Local Grocery', 2309.86, '2023-03-19');
INSERT INTO Payments VALUES (20, 50, 'Local Grocery', 2414.47, '2023-04-19');
INSERT INTO Payments VALUES (21, 19, 'Internet Provider', 4611.36, '2023-05-13');
INSERT INTO Payments VALUES (22, 10, 'Landlord', 4183.49, '2023-04-26');
INSERT INTO Payments VALUES (23, 6, 'Fuel Station', 2603.16, '2023-02-16');
INSERT INTO Payments VALUES (24, 50, 'Internet Provider', 4701.64, '2023-05-20');
INSERT INTO Payments VALUES (25, 9, 'Landlord', 2185.08, '2023-04-26');
INSERT INTO Payments VALUES (26, 2, 'City Power', 2377.67, '2023-02-21');
INSERT INTO Payments VALUES (27, 30, 'Netflix', 1400.4, '2023-02-11');
INSERT INTO Payments VALUES (28, 46, 'Fuel Station', 793.01, '2023-01-30');
INSERT INTO Payments VALUES (29, 46, 'Landlord', 3243.55, '2023-01-22');
INSERT INTO Payments VALUES (30, 34, 'Fuel Station', 2043.62, '2023-05-11');
INSERT INTO Payments VALUES (31, 40, 'City Power', 2017.66, '2023-04-08');
INSERT INTO Payments VALUES (32, 3, 'City Power', 4578.81, '2023-05-25');
INSERT INTO Payments VALUES (33, 43, 'City Power', 978.2, '2023-02-07');
INSERT INTO Payments VALUES (34, 12, 'Fuel Station', 446.29, '2023-03-20');
INSERT INTO Payments VALUES (35, 20, 'Fuel Station', 3889.43, '2023-04-25');
INSERT INTO Payments VALUES (36, 19, 'Fuel Station', 1067.34, '2023-02-03');
INSERT INTO Payments VALUES (37, 13, 'Netflix', 3188.29, '2023-03-06');
INSERT INTO Payments VALUES (38, 1, 'Landlord', 2588.61, '2023-05-08');
INSERT INTO Payments VALUES (39, 35, 'Netflix', 3118.32, '2023-05-07');
INSERT INTO Payments VALUES (40, 16, 'City Power', 3026.54, '2023-05-02');
INSERT INTO Payments VALUES (41, 30, 'Landlord', 2321.0, '2023-01-02');
INSERT INTO Payments VALUES (42, 16, 'Internet Provider', 1534.94, '2023-05-23');
INSERT INTO Payments VALUES (43, 14, 'Netflix', 1087.23, '2023-01-15');
INSERT INTO Payments VALUES (44, 42, 'Local Grocery', 376.26, '2023-01-09');
INSERT INTO Payments VALUES (45, 43, 'Internet Provider', 4222.47, '2023-03-18');
INSERT INTO Payments VALUES (46, 22, 'Netflix', 435.35, '2023-04-17');
INSERT INTO Payments VALUES (47, 12, 'City Power', 3426.03, '2023-05-27');
INSERT INTO Payments VALUES (48, 36, 'City Power', 4838.21, '2023-05-29');
INSERT INTO Payments VALUES (49, 24, 'Netflix', 647.01, '2023-03-18');
INSERT INTO Payments VALUES (50, 21, 'Local Grocery', 4508.14, '2023-01-18');
INSERT INTO Payments VALUES (51, 49, 'Landlord', 4247.89, '2023-01-17');
INSERT INTO Payments VALUES (52, 19, 'Landlord', 845.82, '2023-03-12');
INSERT INTO Payments VALUES (53, 22, 'Internet Provider', 2186.04, '2023-02-23');
INSERT INTO Payments VALUES (54, 45, 'City Power', 3137.86, '2023-01-28');
INSERT INTO Payments VALUES (55, 37, 'Fuel Station', 4900.88, '2023-05-16');
INSERT INTO Payments VALUES (56, 6, 'Landlord', 3675.56, '2023-03-15');
INSERT INTO Payments VALUES (57, 28, 'Internet Provider', 4269.43, '2023-03-08');
INSERT INTO Payments VALUES (58, 34, 'Internet Provider', 4976.12, '2023-04-01');
INSERT INTO Payments VALUES (59, 9, 'Internet Provider', 2900.64, '2023-05-14');
INSERT INTO Payments VALUES (60, 47, 'Fuel Station', 2589.16, '2023-02-16');
INSERT INTO Payments VALUES (61, 40, 'City Power', 3601.22, '2023-02-19');
INSERT INTO Payments VALUES (62, 1, 'Netflix', 315.14, '2023-01-31');
INSERT INTO Payments VALUES (63, 48, 'City Power', 4037.91, '2023-04-17');
INSERT INTO Payments VALUES (64, 27, 'Netflix', 1802.2, '2023-05-24');
INSERT INTO Payments VALUES (65, 41, 'City Power', 254.23, '2023-02-21');
INSERT INTO Payments VALUES (66, 45, 'Local Grocery', 1421.2, '2023-01-18');
INSERT INTO Payments VALUES (67, 20, 'Local Grocery', 2632.11, '2023-03-24');
INSERT INTO Payments VALUES (68, 50, 'Netflix', 746.42, '2023-03-27');
INSERT INTO Payments VALUES (69, 22, 'Landlord', 3677.1, '2023-01-08');
INSERT INTO Payments VALUES (70, 12, 'City Power', 1786.47, '2023-03-28');
INSERT INTO Payments VALUES (71, 44, 'Landlord', 4597.58, '2023-01-10');
INSERT INTO Payments VALUES (72, 42, 'City Power', 2511.18, '2023-04-28');
INSERT INTO Payments VALUES (73, 35, 'Local Grocery', 2419.86, '2023-04-16');
INSERT INTO Payments VALUES (74, 48, 'Netflix', 4208.51, '2023-03-18');
INSERT INTO Payments VALUES (75, 37, 'Fuel Station', 3455.35, '2023-05-23');
INSERT INTO Payments VALUES (76, 35, 'Netflix', 1199.66, '2023-03-26');
INSERT INTO Payments VALUES (77, 23, 'Netflix', 4854.14, '2023-03-13');
INSERT INTO Payments VALUES (78, 2, 'Local Grocery', 4921.37, '2023-05-17');
INSERT INTO Payments VALUES (79, 11, 'Internet Provider', 3107.31, '2023-02-17');
INSERT INTO Payments VALUES (80, 39, 'Netflix', 4350.05, '2023-03-20');
INSERT INTO Payments VALUES (81, 46, 'Local Grocery', 3607.23, '2023-03-11');
INSERT INTO Payments VALUES (82, 27, 'Netflix', 2585.86, '2023-03-02');
INSERT INTO Payments VALUES (83, 24, 'Landlord', 4181.4, '2023-03-19');
INSERT INTO Payments VALUES (84, 14, 'Internet Provider', 1651.13, '2023-01-29');
INSERT INTO Payments VALUES (85, 24, 'Netflix', 3933.39, '2023-01-24');
INSERT INTO Payments VALUES (86, 29, 'Internet Provider', 319.69, '2023-05-04');
INSERT INTO Payments VALUES (87, 33, 'City Power', 1113.02, '2023-05-04');
INSERT INTO Payments VALUES (88, 47, 'Internet Provider', 1689.72, '2023-03-25');
INSERT INTO Payments VALUES (89, 10, 'Netflix', 4146.26, '2023-05-13');
INSERT INTO Payments VALUES (90, 44, 'City Power', 1184.9, '2023-01-10');
INSERT INTO Payments VALUES (91, 30, 'Landlord', 3625.65, '2023-05-14');
INSERT INTO Payments VALUES (92, 8, 'Netflix', 1692.71, '2023-01-12');
INSERT INTO Payments VALUES (93, 44, 'Internet Provider', 4385.0, '2023-03-27');
INSERT INTO Payments VALUES (94, 30, 'Netflix', 694.89, '2023-03-21');
INSERT INTO Payments VALUES (95, 2, 'Internet Provider', 3840.77, '2023-02-23');
INSERT INTO Payments VALUES (96, 21, 'City Power', 1124.22, '2023-03-12');
INSERT INTO Payments VALUES (97, 35, 'Local Grocery', 3909.38, '2023-01-31');
INSERT INTO Payments VALUES (98, 18, 'City Power', 955.98, '2023-01-30');
INSERT INTO Payments VALUES (99, 1, 'Internet Provider', 2886.2, '2023-01-27');
INSERT INTO Payments VALUES (100, 14, 'Internet Provider', 1881.53, '2023-03-23');
INSERT INTO Payments VALUES (101, 18, 'City Power', 4727.73, '2023-03-14');
INSERT INTO Payments VALUES (102, 37, 'City Power', 1022.12, '2023-03-21');
INSERT INTO Payments VALUES (103, 40, 'Local Grocery', 2794.77, '2023-01-13');
INSERT INTO Payments VALUES (104, 9, 'Netflix', 2459.53, '2023-01-13');
INSERT INTO Payments VALUES (105, 7, 'Landlord', 458.24, '2023-04-20');
INSERT INTO Payments VALUES (106, 26, 'City Power', 3582.45, '2023-04-25');
INSERT INTO Payments VALUES (107, 40, 'Local Grocery', 1699.72, '2023-02-20');
INSERT INTO Payments VALUES (108, 46, 'Fuel Station', 4084.64, '2023-01-21');
INSERT INTO Payments VALUES (109, 49, 'Landlord', 2925.39, '2023-01-24');
INSERT INTO Payments VALUES (110, 45, 'Landlord', 666.86, '2023-03-21');
INSERT INTO Payments VALUES (111, 44, 'Fuel Station', 3609.04, '2023-04-30');
INSERT INTO Payments VALUES (112, 31, 'City Power', 4747.75, '2023-02-06');
INSERT INTO Payments VALUES (113, 40, 'Local Grocery', 4581.74, '2023-04-11');
INSERT INTO Payments VALUES (114, 12, 'Fuel Station', 4602.87, '2023-03-26');
INSERT INTO Payments VALUES (115, 21, 'Landlord', 2540.03, '2023-01-17');
INSERT INTO Payments VALUES (116, 31, 'Netflix', 1886.92, '2023-04-29');
INSERT INTO Payments VALUES (117, 11, 'Local Grocery', 3886.12, '2023-05-28');
INSERT INTO Payments VALUES (118, 9, 'Internet Provider', 694.07, '2023-01-28');
INSERT INTO Payments VALUES (119, 21, 'Internet Provider', 3317.37, '2023-03-19');
INSERT INTO Payments VALUES (120, 35, 'Landlord', 2123.92, '2023-04-16');
INSERT INTO Payments VALUES (121, 16, 'Internet Provider', 1369.72, '2023-02-10');
INSERT INTO Payments VALUES (122, 31, 'Landlord', 517.09, '2023-02-23');
INSERT INTO Payments VALUES (123, 45, 'Internet Provider', 2269.51, '2023-04-22');
INSERT INTO Payments VALUES (124, 37, 'Local Grocery', 2813.73, '2023-03-02');
INSERT INTO Payments VALUES (125, 12, 'Fuel Station', 3414.1, '2023-05-27');
INSERT INTO Payments VALUES (126, 32, 'Netflix', 3042.38, '2023-04-29');
INSERT INTO Payments VALUES (127, 21, 'Internet Provider', 668.74, '2023-04-24');
INSERT INTO Payments VALUES (128, 12, 'Local Grocery', 4788.24, '2023-01-18');
INSERT INTO Payments VALUES (129, 39, 'Netflix', 3490.44, '2023-04-08');
INSERT INTO Payments VALUES (130, 21, 'Landlord', 3295.95, '2023-01-16');
INSERT INTO Payments VALUES (131, 6, 'City Power', 4121.76, '2023-05-29');
INSERT INTO Payments VALUES (132, 49, 'Fuel Station', 4087.23, '2023-02-07');
INSERT INTO Payments VALUES (133, 43, 'City Power', 2374.28, '2023-03-16');
INSERT INTO Payments VALUES (134, 25, 'Internet Provider', 2974.07, '2023-02-20');
INSERT INTO Payments VALUES (135, 14, 'Fuel Station', 4411.64, '2023-03-18');
INSERT INTO Payments VALUES (136, 37, 'Fuel Station', 1661.84, '2023-04-22');
INSERT INTO Payments VALUES (137, 46, 'Local Grocery', 4953.39, '2023-05-30');
INSERT INTO Payments VALUES (138, 1, 'Internet Provider', 4934.82, '2023-04-14');
INSERT INTO Payments VALUES (139, 9, 'Local Grocery', 499.57, '2023-05-21');
INSERT INTO Payments VALUES (140, 4, 'Netflix', 3576.1, '2023-04-02');
INSERT INTO Payments VALUES (141, 8, 'Local Grocery', 4355.26, '2023-03-02');
INSERT INTO Payments VALUES (142, 28, 'Fuel Station', 3032.79, '2023-03-23');
INSERT INTO Payments VALUES (143, 46, 'Landlord', 2148.96, '2023-04-22');
INSERT INTO Payments VALUES (144, 35, 'City Power', 3379.94, '2023-05-02');
INSERT INTO Payments VALUES (145, 9, 'City Power', 2866.02, '2023-04-03');
INSERT INTO Payments VALUES (146, 27, 'City Power', 1584.66, '2023-02-02');
INSERT INTO Payments VALUES (147, 9, 'Netflix', 544.38, '2023-01-05');
INSERT INTO Payments VALUES (148, 10, 'Fuel Station', 4447.47, '2023-04-22');
INSERT INTO Payments VALUES (149, 9, 'Netflix', 858.66, '2023-04-17');
INSERT INTO Payments VALUES (150, 30, 'Fuel Station', 3101.26, '2023-04-19');
INSERT INTO Payments VALUES (151, 40, 'City Power', 2381.09, '2023-04-19');
INSERT INTO Payments VALUES (152, 36, 'Landlord', 2046.63, '2023-02-27');
INSERT INTO Payments VALUES (153, 12, 'Landlord', 3101.95, '2023-05-28');
INSERT INTO Payments VALUES (154, 32, 'Fuel Station', 1336.4, '2023-05-09');
INSERT INTO Payments VALUES (155, 18, 'Landlord', 4647.51, '2023-05-28');
INSERT INTO Payments VALUES (156, 24, 'Netflix', 4895.52, '2023-05-26');
INSERT INTO Payments VALUES (157, 31, 'Fuel Station', 1969.18, '2023-05-29');
INSERT INTO Payments VALUES (158, 31, 'Fuel Station', 584.3, '2023-05-15');
INSERT INTO Payments VALUES (159, 49, 'Local Grocery', 2431.69, '2023-01-21');
INSERT INTO Payments VALUES (160, 34, 'Internet Provider', 624.54, '2023-05-01');
INSERT INTO Payments VALUES (161, 41, 'Fuel Station', 3385.94, '2023-01-20');
INSERT INTO Payments VALUES (162, 44, 'Fuel Station', 2788.15, '2023-05-29');
INSERT INTO Payments VALUES (163, 20, 'Internet Provider', 453.32, '2023-03-29');
INSERT INTO Payments VALUES (164, 35, 'Netflix', 2450.57, '2023-05-12');
INSERT INTO Payments VALUES (165, 31, 'Internet Provider', 3722.31, '2023-04-18');
INSERT INTO Payments VALUES (166, 23, 'Local Grocery', 1588.2, '2023-01-10');
INSERT INTO Payments VALUES (167, 45, 'Internet Provider', 3797.24, '2023-05-25');
INSERT INTO Payments VALUES (168, 17, 'Netflix', 3220.64, '2023-05-29');
INSERT INTO Payments VALUES (169, 11, 'Internet Provider', 447.78, '2023-03-16');
INSERT INTO Payments VALUES (170, 48, 'Internet Provider', 331.03, '2023-05-05');
INSERT INTO Payments VALUES (171, 6, 'City Power', 2626.86, '2023-03-13');
INSERT INTO Payments VALUES (172, 17, 'City Power', 3155.83, '2023-03-12');
INSERT INTO Payments VALUES (173, 17, 'Netflix', 3758.86, '2023-02-14');
INSERT INTO Payments VALUES (174, 38, 'Fuel Station', 925.45, '2023-04-25');
INSERT INTO Payments VALUES (175, 24, 'City Power', 1454.01, '2023-03-02');
INSERT INTO Payments VALUES (176, 32, 'City Power', 4036.99, '2023-01-09');
INSERT INTO Payments VALUES (177, 22, 'Netflix', 4843.26, '2023-02-09');
INSERT INTO Payments VALUES (178, 32, 'Landlord', 3897.77, '2023-03-02');
INSERT INTO Payments VALUES (179, 43, 'Landlord', 3684.8, '2023-02-12');
INSERT INTO Payments VALUES (180, 14, 'Internet Provider', 3724.93, '2023-03-30');
INSERT INTO Payments VALUES (181, 4, 'Fuel Station', 1469.1, '2023-01-30');
INSERT INTO Payments VALUES (182, 4, 'City Power', 2427.27, '2023-05-02');
INSERT INTO Payments VALUES (183, 20, 'Landlord', 3781.52, '2023-05-17');
INSERT INTO Payments VALUES (184, 15, 'Landlord', 3480.85, '2023-04-10');
INSERT INTO Payments VALUES (185, 31, 'Local Grocery', 896.72, '2023-04-22');
INSERT INTO Payments VALUES (186, 1, 'Local Grocery', 4650.67, '2023-04-25');
INSERT INTO Payments VALUES (187, 25, 'Fuel Station', 1715.31, '2023-05-16');
INSERT INTO Payments VALUES (188, 44, 'Netflix', 667.35, '2023-05-17');
INSERT INTO Payments VALUES (189, 41, 'Local Grocery', 4789.68, '2023-04-21');
INSERT INTO Payments VALUES (190, 40, 'Fuel Station', 4320.11, '2023-03-27');
INSERT INTO Payments VALUES (191, 18, 'Local Grocery', 4051.12, '2023-03-07');
INSERT INTO Payments VALUES (192, 42, 'Internet Provider', 2077.54, '2023-03-03');
INSERT INTO Payments VALUES (193, 47, 'Fuel Station', 3025.88, '2023-02-19');
INSERT INTO Payments VALUES (194, 34, 'Local Grocery', 3453.05, '2023-02-16');
INSERT INTO Payments VALUES (195, 21, 'Internet Provider', 250.77, '2023-01-03');
INSERT INTO Payments VALUES (196, 5, 'Netflix', 2173.99, '2023-05-15');
INSERT INTO Payments VALUES (197, 7, 'Fuel Station', 2340.52, '2023-02-26');
INSERT INTO Payments VALUES (198, 47, 'Local Grocery', 1409.1, '2023-01-09');
INSERT INTO Payments VALUES (199, 2, 'Internet Provider', 641.32, '2023-02-25');
INSERT INTO Payments VALUES (200, 39, 'Fuel Station', 784.59, '2023-01-31');
INSERT INTO Payments VALUES (201, 6, 'Internet Provider', 823.55, '2023-05-25');
INSERT INTO Payments VALUES (202, 12, 'Netflix', 3539.14, '2023-03-06');
INSERT INTO Payments VALUES (203, 19, 'Landlord', 3370.29, '2023-01-20');
INSERT INTO Payments VALUES (204, 41, 'Landlord', 4628.94, '2023-03-12');
INSERT INTO Payments VALUES (205, 50, 'Landlord', 3522.66, '2023-03-24');
INSERT INTO Payments VALUES (206, 17, 'City Power', 3947.51, '2023-03-12');
INSERT INTO Payments VALUES (207, 50, 'Netflix', 2037.44, '2023-03-27');
INSERT INTO Payments VALUES (208, 4, 'Local Grocery', 4786.91, '2023-03-09');
INSERT INTO Payments VALUES (209, 12, 'Landlord', 533.11, '2023-02-21');
INSERT INTO Payments VALUES (210, 40, 'Landlord', 1056.52, '2023-05-06');
INSERT INTO Payments VALUES (211, 7, 'City Power', 2795.03, '2023-04-21');
INSERT INTO Payments VALUES (212, 14, 'Internet Provider', 3288.02, '2023-04-24');
INSERT INTO Payments VALUES (213, 46, 'Local Grocery', 695.78, '2023-01-19');
INSERT INTO Payments VALUES (214, 5, 'Internet Provider', 3692.22, '2023-04-25');
INSERT INTO Payments VALUES (215, 2, 'Landlord', 914.5, '2023-01-01');
INSERT INTO Payments VALUES (216, 3, 'Fuel Station', 2074.32, '2023-02-08');
INSERT INTO Payments VALUES (217, 45, 'Local Grocery', 4542.16, '2023-05-28');
INSERT INTO Payments VALUES (218, 1, 'Internet Provider', 3596.51, '2023-05-06');
INSERT INTO Payments VALUES (219, 31, 'Landlord', 2138.78, '2023-01-18');
INSERT INTO Payments VALUES (220, 35, 'City Power', 215.88, '2023-05-04');
INSERT INTO Payments VALUES (221, 8, 'Internet Provider', 2769.46, '2023-04-02');
INSERT INTO Payments VALUES (222, 22, 'Fuel Station', 1653.57, '2023-01-15');
INSERT INTO Payments VALUES (223, 41, 'Fuel Station', 635.2, '2023-05-17');
INSERT INTO Payments VALUES (224, 22, 'Netflix', 4237.67, '2023-03-16');
INSERT INTO Payments VALUES (225, 42, 'City Power', 1047.77, '2023-01-11');
INSERT INTO Payments VALUES (226, 25, 'Fuel Station', 1116.82, '2023-04-10');
INSERT INTO Payments VALUES (227, 7, 'Fuel Station', 3506.44, '2023-05-05');
INSERT INTO Payments VALUES (228, 6, 'Fuel Station', 2302.32, '2023-02-18');
INSERT INTO Payments VALUES (229, 9, 'Netflix', 1126.85, '2023-03-03');
INSERT INTO Payments VALUES (230, 32, 'Landlord', 502.36, '2023-05-19');
INSERT INTO Payments VALUES (231, 42, 'Local Grocery', 2598.48, '2023-04-26');
INSERT INTO Payments VALUES (232, 2, 'Netflix', 1828.57, '2023-03-28');
INSERT INTO Payments VALUES (233, 47, 'Netflix', 2146.44, '2023-02-24');
INSERT INTO Payments VALUES (234, 42, 'Fuel Station', 2710.97, '2023-05-18');
INSERT INTO Payments VALUES (235, 10, 'Fuel Station', 2980.86, '2023-01-19');
INSERT INTO Payments VALUES (236, 3, 'Fuel Station', 879.63, '2023-01-05');
INSERT INTO Payments VALUES (237, 31, 'Internet Provider', 419.85, '2023-02-03');
INSERT INTO Payments VALUES (238, 1, 'City Power', 3236.77, '2023-03-20');
INSERT INTO Payments VALUES (239, 7, 'Landlord', 3133.88, '2023-01-17');
INSERT INTO Payments VALUES (240, 7, 'Netflix', 2586.29, '2023-02-26');
INSERT INTO Payments VALUES (241, 5, 'City Power', 2245.82, '2023-04-13');
INSERT INTO Payments VALUES (242, 21, 'Netflix', 4884.1, '2023-05-28');
INSERT INTO Payments VALUES (243, 35, 'City Power', 1743.63, '2023-02-24');
INSERT INTO Payments VALUES (244, 49, 'Netflix', 3046.81, '2023-03-27');
INSERT INTO Payments VALUES (245, 5, 'Netflix', 1514.69, '2023-04-17');
INSERT INTO Payments VALUES (246, 11, 'Fuel Station', 1975.65, '2023-02-12');
INSERT INTO Payments VALUES (247, 29, 'City Power', 4643.24, '2023-01-11');
INSERT INTO Payments VALUES (248, 9, 'Netflix', 3997.05, '2023-04-07');
INSERT INTO Payments VALUES (249, 50, 'City Power', 275.03, '2023-05-05');
INSERT INTO Payments VALUES (250, 6, 'Netflix', 234.68, '2023-01-23');
INSERT INTO Payments VALUES (251, 46, 'Fuel Station', 3049.91, '2023-03-14');
INSERT INTO Payments VALUES (252, 27, 'Fuel Station', 4075.58, '2023-05-02');
INSERT INTO Payments VALUES (253, 45, 'City Power', 1189.57, '2023-03-11');
INSERT INTO Payments VALUES (254, 34, 'Landlord', 2177.75, '2023-02-14');
INSERT INTO Payments VALUES (255, 40, 'Fuel Station', 380.58, '2023-02-16');
INSERT INTO Payments VALUES (256, 46, 'Landlord', 3137.84, '2023-01-23');
INSERT INTO Payments VALUES (257, 41, 'Local Grocery', 1869.7, '2023-01-02');
INSERT INTO Payments VALUES (258, 36, 'City Power', 1121.13, '2023-05-16');
INSERT INTO Payments VALUES (259, 7, 'Internet Provider', 1937.13, '2023-05-19');
INSERT INTO Payments VALUES (260, 33, 'City Power', 2428.24, '2023-02-23');
INSERT INTO Payments VALUES (261, 18, 'Netflix', 1129.85, '2023-02-08');
INSERT INTO Payments VALUES (262, 44, 'Landlord', 2588.07, '2023-02-10');
INSERT INTO Payments VALUES (263, 43, 'Netflix', 459.33, '2023-04-04');
INSERT INTO Payments VALUES (264, 19, 'City Power', 2286.42, '2023-03-27');
INSERT INTO Payments VALUES (265, 40, 'Landlord', 407.92, '2023-01-14');
INSERT INTO Payments VALUES (266, 35, 'City Power', 958.62, '2023-01-08');
INSERT INTO Payments VALUES (267, 32, 'Internet Provider', 757.11, '2023-03-02');
INSERT INTO Payments VALUES (268, 47, 'Landlord', 3044.99, '2023-03-25');
INSERT INTO Payments VALUES (269, 27, 'City Power', 3786.02, '2023-03-25');
INSERT INTO Payments VALUES (270, 15, 'Netflix', 1765.43, '2023-01-26');
INSERT INTO Payments VALUES (271, 16, 'Fuel Station', 2180.46, '2023-02-21');
INSERT INTO Payments VALUES (272, 25, 'City Power', 552.94, '2023-05-30');
INSERT INTO Payments VALUES (273, 32, 'Netflix', 4474.35, '2023-02-07');
INSERT INTO Payments VALUES (274, 14, 'Internet Provider', 2383.96, '2023-04-10');
INSERT INTO Payments VALUES (275, 24, 'City Power', 2397.15, '2023-02-19');
INSERT INTO Payments VALUES (276, 41, 'Local Grocery', 4882.67, '2023-02-21');
INSERT INTO Payments VALUES (277, 22, 'City Power', 354.05, '2023-05-26');
INSERT INTO Payments VALUES (278, 4, 'Local Grocery', 855.21, '2023-04-30');
INSERT INTO Payments VALUES (279, 30, 'Landlord', 1021.77, '2023-03-29');
INSERT INTO Payments VALUES (280, 15, 'Local Grocery', 3097.45, '2023-02-13');
INSERT INTO Payments VALUES (281, 37, 'Internet Provider', 4304.02, '2023-01-23');
INSERT INTO Payments VALUES (282, 27, 'Internet Provider', 2548.22, '2023-02-25');
INSERT INTO Payments VALUES (283, 38, 'Landlord', 4217.55, '2023-03-13');
INSERT INTO Payments VALUES (284, 1, 'Fuel Station', 2254.93, '2023-03-05');
INSERT INTO Payments VALUES (285, 16, 'Local Grocery', 2284.39, '2023-02-26');
INSERT INTO Payments VALUES (286, 38, 'City Power', 4586.02, '2023-01-02');
INSERT INTO Payments VALUES (287, 27, 'Netflix', 392.28, '2023-05-01');
INSERT INTO Payments VALUES (288, 47, 'Internet Provider', 361.38, '2023-05-16');
INSERT INTO Payments VALUES (289, 26, 'Landlord', 4086.64, '2023-01-26');
INSERT INTO Payments VALUES (290, 29, 'Landlord', 1354.46, '2023-05-23');
INSERT INTO Payments VALUES (291, 49, 'Netflix', 3527.17, '2023-04-15');
INSERT INTO Payments VALUES (292, 14, 'City Power', 1920.35, '2023-03-03');
INSERT INTO Payments VALUES (293, 42, 'Netflix', 276.46, '2023-03-20');
INSERT INTO Payments VALUES (294, 11, 'Fuel Station', 2404.56, '2023-05-27');
INSERT INTO Payments VALUES (295, 48, 'Internet Provider', 317.18, '2023-04-27');
INSERT INTO Payments VALUES (296, 30, 'City Power', 4396.16, '2023-04-14');
INSERT INTO Payments VALUES (297, 12, 'Local Grocery', 3208.69, '2023-01-01');
INSERT INTO Payments VALUES (298, 41, 'Netflix', 2047.42, '2023-03-27');
INSERT INTO Payments VALUES (299, 34, 'Netflix', 1623.63, '2023-03-11');
INSERT INTO Payments VALUES (300, 45, 'Internet Provider', 2803.69, '2023-02-23');
